ACTUAL_DATES,NEW_DATE,BC_1MONTH,BC_2MONTH,BC_3MONTH,BC_4MONTH,BC_5MONTH,BC_6MONTH,BC_7MONTH,BC_8MONTH,BC_9MONTH,BC_10MONTH,BC_11MONTH,BC_1YEAR,BC_2YEAR,BC_3YEAR,BC_4YEAR,BC_5YEAR,BC_6YEAR,BC_7YEAR,BC_8YEAR,BC_9YEAR,BC_10YEAR,BC_15YEAR,BC_20YEAR,BC_25YEAR,BC_30YEAR,BC_30YEARDISPLAY
1/2/2018,1/2/2018,,,-0.558775635,-0.555167416,-0.550947641,-0.546118324,-0.54068347,-0.534648875,-0.528021947,-0.520811527,-0.513027733,-0.504681813,-0.365796673,-0.174541309,0.042793208,0.265929134,0.481536736,0.682029761,0.86392002,1.026365481,1.170079376,1.667533253,1.940764749,2.107201154,2.218388568,2.218388568
1/3/2018,1/3/2018,,,-0.577246522,-0.5699867,-0.562753504,-0.55547906,-0.548103529,-0.540574446,-0.532846117,-0.524879054,-0.516639446,-0.508098676,-0.377043251,-0.194984859,0.019252609,0.24405703,0.463374145,0.667619877,0.852283281,1.016205627,1.160177806,1.649424655,1.912830635,2.072377514,2.178849063,2.178849063
1/4/2018,1/4/2018,,,-0.562102376,-0.558373112,-0.554213975,-0.549603165,-0.544523057,-0.538959828,-0.532903125,-0.526345741,-0.519283327,-0.511714111,-0.38326156,-0.199576512,0.014223455,0.236399454,0.452079895,0.652683489,0.834250629,0.995814416,1.138146521,1.625650178,1.890356698,2.051058848,2.158344434,2.158344434
1/5/2018,1/5/2018,,,-0.575879036,-0.568235707,-0.560753288,-0.553350584,-0.545955481,-0.53850422,-0.530940715,-0.523215928,-0.51528728,-0.50711811,-0.383109082,-0.208852638,-0.000915599,0.219308433,0.435407798,0.637383795,0.820400252,0.983077159,1.126065242,1.612250191,1.873982924,2.032494858,2.138272663,2.138272663
1/6/2018,,,,,,,,,,,,,,,,,,,,,,,,,,,
1/7/2018,,,,,,,,,,,,,,,,,,,,,,,,,,,
1/8/2018,1/8/2018,,,-0.555924773,-0.55269888,-0.549200386,-0.545384251,-0.541211808,-0.536650225,-0.531672004,-0.526254516,-0.520379564,-0.514032988,-0.400007288,-0.225978292,-0.016510726,0.204810891,0.42132229,0.623263514,0.806056154,0.968486523,1.111285593,1.597542976,1.859868626,2.018842255,2.124940316,2.124940316
1/9/2018,1/9/2018,,,-0.543988131,-0.541690273,-0.539027315,-0.535960532,-0.532457202,-0.528490083,-0.524036937,-0.519080077,-0.513605954,-0.50760477,-0.394666511,-0.218885598,-0.007025858,0.216468952,0.434683141,0.637856207,0.821494259,0.984481813,1.127635103,1.61434996,1.876625355,2.035535427,2.141587994,2.141587994
1/10/2018,1/10/2018,,,-0.534738961,-0.533410179,-0.531498745,-0.528989436,-0.525871025,-0.52213591,-0.51777977,-0.512801252,-0.507201671,-0.500984745,-0.381892512,-0.199426776,0.016870685,0.242822581,0.462344358,0.66633832,0.850693042,1.014461305,1.158501312,1.650219567,1.91640506,2.077887797,2.185681298,2.185681298
1/11/2018,1/11/2018,,,-0.512533672,-0.511084676,-0.508841652,-0.505818625,-0.502030949,-0.49749514,-0.492228717,-0.486250067,-0.479578311,-0.472233183,-0.339171629,-0.14793086,0.070710426,0.294696085,0.510198403,0.709677257,0.889874855,1.050201864,1.191584022,1.678077639,1.943933369,2.105678904,2.213708624,2.213708624
1/12/2018,1/12/2018,,,-0.494254711,-0.493493752,-0.491975426,-0.489703481,-0.486684185,-0.482926057,-0.478439616,-0.473237151,-0.467332511,-0.460740903,-0.33476845,-0.146589229,0.071520183,0.295714705,0.511041613,0.709494184,0.887773582,1.045459312,1.183713013,1.65357796,1.907228206,2.061045554,2.163717717,2.163717717
1/13/2018,,,,,,,,,,,,,,,,,,,,,,,,,,,
1/14/2018,,,,,,,,,,,,,,,,,,,,,,,,,,,
1/15/2018,1/15/2018,,,-0.509308902,-0.507528962,-0.505119275,-0.50207255,-0.498384788,-0.49405497,-0.489084757,-0.483478219,-0.477241579,-0.47038298,-0.344326982,-0.157910514,0.059106344,0.283396093,0.499821438,0.700027544,0.880400756,1.040291098,1.180713185,1.659162613,1.917894136,2.074837848,2.17960075,2.17960075
1/16/2018,1/16/2018,,,-0.534662911,-0.530554471,-0.52605832,-0.521148472,-0.515803536,-0.510006305,-0.503743389,-0.497004861,-0.48978394,-0.482076688,-0.353040729,-0.169936065,0.042463088,0.262488291,0.475385042,0.672753648,0.850833877,1.00883683,1.147671958,1.620802234,1.876534509,2.031618079,2.13513332,2.13513332
1/17/2018,1/17/2018,,,-0.530683701,-0.52667873,-0.522189812,-0.517202597,-0.511706331,-0.505693525,-0.499159652,-0.492102856,-0.484523694,-0.476424891,-0.341791782,-0.154290644,0.060219358,0.280537867,0.492631553,0.688676954,0.865282596,1.021861469,1.159414895,1.628438377,1.882258878,2.036250745,2.139046201,2.139046201
1/18/2018,1/18/2018,,,-0.53003336,-0.526378577,-0.522197346,-0.51747919,-0.512216903,-0.506406248,-0.500045671,-0.493136041,-0.485680401,-0.477683746,-0.343206082,-0.154988852,0.060468444,0.281827182,0.495034208,0.692252669,0.870065187,1.027852364,1.166584887,1.64048739,1.89740245,2.053343268,2.157448238,2.157448238
1/19/2018,1/19/2018,,,-0.53011291,-0.527500552,-0.524235444,-0.520319307,-0.515756139,-0.510551977,-0.504714689,-0.498253768,-0.491180148,-0.483506035,-0.35015309,-0.161449171,0.054259338,0.275480481,0.48839877,0.685392979,0.86315611,1.021092883,1.160148912,1.636783556,1.896138551,2.053727108,2.158953313,2.158953313
1/20/2018,,,,,,,,,,,,,,,,,,,,,,,,,,,
1/21/2018,,,,,,,,,,,,,,,,,,,,,,,,,,,
1/22/2018,1/22/2018,,,-0.528605502,-0.526302547,-0.523329195,-0.519687763,-0.515382848,-0.510421086,-0.504810942,-0.498562501,-0.491687285,-0.48419808,-0.352208093,-0.163832245,0.052016762,0.273521303,0.486705023,0.683883921,0.861739854,1.019689601,1.15869837,1.634751785,1.893573339,2.050803741,2.155786651,2.155786651
1/23/2018,1/23/2018,,,-0.536258986,-0.533442942,-0.530056914,-0.526095135,-0.521554659,-0.516435088,-0.510738328,-0.504468354,-0.497630994,-0.490233735,-0.362076857,-0.179465671,0.030876882,0.247790332,0.457350367,0.651725039,0.827412605,0.983668428,1.121332193,1.593449935,1.850332301,2.006396042,2.110600106,2.110600106
1/24/2018,1/24/2018,,,-0.529720713,-0.527819793,-0.525176653,-0.521803316,-0.517713153,-0.512920721,-0.507441614,-0.501292324,-0.494490113,-0.487052891,-0.355273141,-0.168075173,0.045456035,0.26424496,0.474958038,0.670251868,0.846900622,1.004266171,1.14319367,1.622316225,1.884693715,2.044411159,2.151097571,2.151097571
1/25/2018,1/25/2018,,,-0.505236036,-0.506540557,-0.50656621,-0.505374407,-0.503024319,-0.499572942,-0.495075162,-0.489583828,-0.483149804,-0.475822044,-0.333632801,-0.130887381,0.093414097,0.316838851,0.527430878,0.719652266,0.891745796,1.044063185,1.178033591,1.639293822,1.892855529,2.047617952,2.151073021,2.151073021
1/26/2018,1/26/2018,,,-0.515436943,-0.515264905,-0.513870696,-0.511313138,-0.507649005,-0.502933077,-0.497218192,-0.490555296,-0.4829935,-0.474580121,-0.322190936,-0.113429709,0.113687299,0.337446048,0.546513152,0.735899294,0.904310462,1.052468232,1.182080775,1.623526898,1.863602573,2.009663123,2.107231205,2.107231205
1/27/2018,,,,,,,,,,,,,,,,,,,,,,,,,,,
1/28/2018,,,,,,,,,,,,,,,,,,,,,,,,,,,
1/29/2018,1/29/2018,,,-0.5079184,-0.507318963,-0.50539111,-0.50220498,-0.497827871,-0.492324335,-0.485756284,-0.478183076,-0.469661612,-0.460246422,-0.294520142,-0.07382146,0.161677138,0.390264792,0.601336612,0.790739874,0.957895902,1.104064116,1.231326024,1.661387353,1.893882862,2.035160371,2.129514943,2.129514943
1/30/2018,1/30/2018,,,-0.509060487,-0.509210132,-0.508036969,-0.505605133,-0.501976594,-0.497211207,-0.491366757,-0.484499001,-0.476661723,-0.467906777,-0.307717041,-0.088025244,0.149736664,0.382283586,0.597827868,0.791508721,0.962406364,1.111673353,1.241413236,1.677630269,1.911969245,2.054069212,2.148929704,2.148929704
1/31/2018,1/31/2018,,,-0.521947751,-0.521767986,-0.520282594,-0.517553926,-0.513642376,-0.50860641,-0.502502596,-0.49538563,-0.487308372,-0.478321878,-0.315843723,-0.094603496,0.143923947,0.376418494,0.591172653,0.783484136,0.952615252,1.099886499,1.227537228,1.65437555,1.882500599,2.02065267,2.112855897,2.112855897
2/1/2018,2/1/2018,,,-0.515809715,-0.517444149,-0.51763035,-0.516437505,-0.513932643,-0.510180662,-0.505244356,-0.499184444,-0.492059601,-0.4839265,-0.325742251,-0.102308854,0.140697088,0.377831732,0.596489588,0.791721725,0.962848548,1.111362426,1.239693105,1.666173602,1.892832867,2.029915609,2.121384806,2.121384806
2/2/2018,2/2/2018,,,-0.512719241,-0.514161832,-0.514153182,-0.512759352,-0.510044783,-0.506072267,-0.500902916,-0.494596153,-0.487209698,-0.478799564,-0.31612666,-0.086924474,0.161652939,0.403211917,0.624825084,0.821626205,0.993202992,1.141356925,1.268795828,1.688629722,1.910052057,2.043742081,2.132924181,2.132924181
2/3/2018,,,,,,,,,,,,,,,,,,,,,,,,,,,
2/4/2018,,,,,,,,,,,,,,,,,,,,,,,,,,,
2/5/2018,2/5/2018,,,-0.524293458,-0.524402293,-0.523382622,-0.521258562,-0.518056666,-0.513805556,-0.50853559,-0.502278556,-0.495067402,-0.486935983,-0.330317495,-0.104167588,0.146253078,0.392475767,0.619524212,0.821321123,0.996955169,1.148154677,1.277754001,1.701165178,1.922685203,2.056199405,2.145242044,2.145242044
2/6/2018,2/6/2018,,,-0.526327053,-0.526513216,-0.525599262,-0.523606741,-0.520559791,-0.516484762,-0.511409877,-0.505364923,-0.49838097,-0.490490115,-0.337300588,-0.11453941,0.133211238,0.377583146,0.603475688,0.804631888,0.979975756,1.131107689,1.260771367,1.685015453,1.907196935,2.041130589,2.130454517,2.130454517
2/7/2018,2/7/2018,,,-0.523367746,-0.52426955,-0.524076976,-0.522805785,-0.520475125,-0.517107078,-0.512726246,-0.507359378,-0.501035026,-0.493783235,-0.346359569,-0.126202823,0.120739729,0.364928568,0.590629997,0.791354088,0.966006562,1.116255819,1.244930727,1.66449531,1.883609888,2.015628564,2.103670037,2.103670037
2/8/2018,2/8/2018,,,-0.511878136,-0.513956702,-0.514535254,-0.513677003,-0.511444278,-0.507898418,-0.503099667,-0.497107088,-0.48997849,-0.481770366,-0.317679251,-0.082400748,0.173628788,0.421982646,0.648879259,0.849327532,1.023137211,1.172441585,1.30026984,1.717690813,1.936219033,2.067969235,2.155839701,2.155839701
2/9/2018,2/9/2018,,,-0.512487727,-0.51537262,-0.516846771,-0.516950809,-0.51572727,-0.513220208,-0.509474859,-0.504537326,-0.498454302,-0.491272825,-0.336207635,-0.10304041,0.155061586,0.406667551,0.636287833,0.838314514,1.012552143,1.16138011,1.288123614,1.69780698,1.910503376,2.038547381,2.123930798,2.123930798
2/10/2018,,,,,,,,,,,,,,,,,,,,,,,,,,,
2/11/2018,,,,,,,,,,,,,,,,,,,,,,,,,,,
2/12/2018,2/12/2018,,,-0.530779825,-0.53154577,-0.531217965,-0.529798632,-0.527295703,-0.523722115,-0.519095155,-0.513435867,-0.506768523,-0.499120129,-0.342764529,-0.108827732,0.151942216,0.407171232,0.640333337,0.845288955,1.021711071,1.172054214,1.299790113,1.710788944,1.92337881,2.05128163,2.136565483,2.136565483
2/13/2018,2/13/2018,,,-0.532141001,-0.532149732,-0.531124141,-0.52906485,-0.525977923,-0.521874205,-0.516768715,-0.5106801,-0.503630134,-0.495643257,-0.337739713,-0.104329291,0.156155792,0.412164713,0.647169484,0.854715913,1.034123336,1.187562883,1.318316283,1.741035069,1.960406124,2.092448678,2.180496687,2.180496687
2/14/2018,2/14/2018,,,-0.528959301,-0.530157587,-0.530018461,-0.528579611,-0.525880616,-0.521962573,-0.516867777,-0.510639423,-0.503321339,-0.494957751,-0.328916181,-0.088335839,0.17573794,0.432796935,0.66762979,0.874634084,1.05354276,1.206670138,1.337307946,1.760901157,1.981334236,2.114084414,2.202609536,2.202609536
2/15/2018,2/15/2018,,,-0.525787428,-0.526546252,-0.525956907,-0.524063756,-0.520912158,-0.516548197,-0.511018431,-0.50436967,-0.496648775,-0.48790248,-0.319242113,-0.079449972,0.181868612,0.435547787,0.667159332,0.871431877,1.048165433,1.199618504,1.328986438,1.749485213,1.968752225,2.10084774,2.188940028,2.188940028
2/16/2018,2/16/2018,,,-0.537476326,-0.536251272,-0.534014684,-0.530780656,-0.52656652,-0.521392418,-0.515280915,-0.50825664,-0.500345964,-0.49157671,-0.330498173,-0.102656004,0.148683517,0.395605421,0.623244658,0.825530331,1.001549647,1.153039635,1.282850606,1.706681376,1.928288525,2.061839017,2.150904462,2.150904462
2/17/2018,,,,,,,,,,,,,,,,,,,,,,,,,,,
2/18/2018,,,,,,,,,,,,,,,,,,,,,,,,,,,
2/19/2018,2/19/2018,,,-0.545330248,-0.543384561,-0.540309906,-0.53614628,-0.530933874,-0.524712925,-0.517523586,-0.509405806,-0.500399225,-0.49054308,-0.319439376,-0.088765738,0.160757545,0.404480251,0.629505547,0.830521223,1.006653445,1.159361303,1.29113975,1.727444815,1.95834726,2.097836421,2.190893008,2.190893008
2/20/2018,2/20/2018,,,-0.547747966,-0.544518302,-0.540399684,-0.535406689,-0.529556244,-0.522867318,-0.515360636,-0.507058423,-0.497984168,-0.488162407,-0.32162823,-0.096481136,0.149802356,0.392446522,0.617727357,0.81961921,0.99679985,1.150497948,1.283116387,1.72155126,1.953082004,2.092865043,2.186108347,2.186108347
2/21/2018,2/21/2018,,,-0.539358763,-0.536924076,-0.533472296,-0.529033004,-0.523636745,-0.517314832,-0.510099163,-0.502022061,-0.49311612,-0.483414078,-0.316562815,-0.091132641,0.154246594,0.395250608,0.618736247,0.819038841,0.994982284,1.147806991,1.279863709,1.71791128,1.949997615,2.090221744,2.183769896,2.183769896
2/22/2018,2/22/2018,,,-0.53152402,-0.531145432,-0.529437645,-0.526461837,-0.522277527,-0.51694257,-0.510513155,-0.503043812,-0.494587421,-0.485195223,-0.315994438,-0.085710497,0.162572064,0.404395542,0.627455686,0.826845872,1.001854328,1.153938003,1.285509292,1.723718793,1.957035115,2.098196911,2.192393207,2.192393207
2/23/2018,2/23/2018,,,-0.512956498,-0.515455076,-0.516359028,-0.515752319,-0.513715522,-0.510325939,-0.505657705,-0.499781905,-0.492766677,-0.484677314,-0.324123997,-0.096995441,0.149000802,0.388363489,0.608841202,0.805776357,0.978636859,1.128953048,1.259133232,1.694179915,1.926803291,2.067734391,2.161801661,2.161801661
2/24/2018,,,,,,,,,,,,,,,,,,,,,,,,,,,
2/25/2018,,,,,,,,,,,,,,,,,,,,,,,,,,,
2/26/2018,2/26/2018,,,-0.520222632,-0.522031894,-0.522342294,-0.521229643,-0.518766955,-0.515024525,-0.510069999,-0.503968454,-0.496782472,-0.488572206,-0.329047554,-0.104713807,0.138551754,0.375701633,0.594470591,0.79007365,0.961857642,1.111266691,1.240655315,1.672757584,1.903535248,2.043287686,2.136559575,2.136559575
2/27/2018,2/27/2018,,,-0.527540458,-0.527919262,-0.526861388,-0.524440904,-0.520729102,-0.515794572,-0.509703285,-0.502518664,-0.494301661,-0.485110832,-0.317212265,-0.089218155,0.154751995,0.390871765,0.607683241,0.800911754,0.970211585,1.117201186,1.244325185,1.667990683,1.893923306,2.030702755,2.121986509,2.121986509
2/28/2018,2/28/2018,,,-0.517141481,-0.519776632,-0.520840495,-0.520410099,-0.518559984,-0.515362223,-0.510886465,-0.505199967,-0.498367642,-0.490452093,-0.330825055,-0.1026471,0.14499121,0.385362619,0.605647604,0.801136028,0.971518089,1.118639411,1.245212709,1.662527571,1.882851533,2.01591802,2.104688659,2.104688659
3/1/2018,3/1/2018,,,-0.516056703,-0.520741979,-0.523607836,-0.52475558,-0.524282029,-0.522279688,-0.51883692,-0.514038113,-0.50796384,-0.500691009,-0.343530159,-0.11495489,0.13233764,0.371370025,0.589848544,0.783546292,0.952425862,1.098428045,1.22425418,1.641141162,1.862492138,1.996393842,2.085747693,2.085747693
3/2/2018,3/2/2018,,,-0.518330661,-0.522884707,-0.525667749,-0.526777269,-0.526306481,-0.524344498,-0.520976493,-0.516283856,-0.510344342,-0.503232214,-0.3492599,-0.124544222,0.119427719,0.356029311,0.572939568,0.765768334,0.934291713,1.080286684,1.206326878,1.625241533,1.848264067,1.983257815,2.073349467,2.073349467
3/3/2018,3/5/2018,,,-0.550058845,-0.549838096,-0.548273667,-0.545428791,-0.541364915,-0.536141698,-0.529817019,-0.522446981,-0.514085932,-0.504786473,-0.336867851,-0.108861065,0.135902027,0.373209329,0.591147526,0.785178813,0.954875638,1.101885531,1.228731551,1.649203638,1.872194922,2.006996901,2.096937625,2.096937625
3/4/2018,,,,,,,,,,,,,,,,,,,,,,,,,,,
3/5/2018,,,,,,,,,,,,,,,,,,,,,,,,,,,
3/6/2018,3/6/2018,,,-0.552503051,-0.552088434,-0.550326919,-0.547282332,-0.543016675,-0.537590127,-0.531061052,-0.523486008,-0.514919761,-0.505415309,-0.335160672,-0.105251167,0.140891639,0.379106913,0.597580894,0.791878225,0.961658169,1.108634702,1.235378417,1.655101759,1.877526416,2.011965689,2.10166243,2.10166243
3/7/2018,3/7/2018,,,-0.548579853,-0.549182109,-0.548297482,-0.546005993,-0.542384392,-0.537506264,-0.531442146,-0.524259629,-0.516023463,-0.506795659,-0.337952148,-0.109597813,0.133569371,0.367985099,0.582601196,0.773475961,0.940478463,1.085342963,1.210562245,1.627742322,1.850284259,1.985041646,2.074980963,2.074980963
3/8/2018,3/8/2018,,,-0.563857087,-0.562495346,-0.559898716,-0.556125163,-0.551231034,-0.545271061,-0.538298362,-0.530364447,-0.521519234,-0.511811059,-0.343527711,-0.120144077,0.118202011,0.348956147,0.560952388,0.749904195,0.915389835,1.058958175,1.183002584,1.595298579,1.814484526,1.947058874,2.03552107,2.03552107
3/9/2018,3/9/2018,,,-0.569356065,-0.567729265,-0.564783398,-0.560591882,-0.555224902,-0.548749538,-0.541229895,-0.532727224,-0.523300036,-0.513004218,-0.338896703,-0.113685126,0.123521365,0.352211732,0.562686769,0.751355994,0.917933111,1.063792192,1.191027115,1.623521212,1.859168489,2.002789754,2.098783409,2.098783409
3/10/2018,,,,,,,,,,,,,,,,,,,,,,,,,,,
3/11/2018,,,,,,,,,,,,,,,,,,,,,,,,,,,
3/12/2018,3/12/2018,,,-0.569105853,-0.567895796,-0.565365469,-0.561587701,-0.556632133,-0.550565344,-0.543450981,-0.535349871,-0.526320141,-0.516417325,-0.34658874,-0.124714349,0.110087169,0.337167216,0.546655394,0.734799714,0.901178595,1.047060333,1.174459939,1.608442689,1.845379613,1.989873237,2.086463519,2.086463519
3/13/2018,3/13/2018,,,-0.582006053,-0.578858501,-0.574578245,-0.56922643,-0.562861616,-0.555539874,-0.54731489,-0.538238051,-0.528358542,-0.517723427,-0.345743582,-0.128103389,0.101016635,0.323130361,0.529108751,0.715263798,0.880955348,1.02714997,1.15557054,1.598481335,1.843459605,1.993508523,2.093925195,2.093925195
3/14/2018,3/14/2018,,,-0.590421457,-0.585308767,-0.57921736,-0.572199797,-0.564306468,-0.555585669,-0.546083686,-0.535844868,-0.524911704,-0.513324892,-0.335948773,-0.119423628,0.106165802,0.324348751,0.526882902,0.710380624,0.874217832,1.019255893,1.147075217,1.591166523,1.83882009,1.990959999,2.092860867,2.092860867
3/15/2018,3/15/2018,,,-0.582038627,-0.579138468,-0.575080846,-0.569929176,-0.56374415,-0.556583839,-0.548503805,-0.539557191,-0.529794827,-0.519265316,-0.348089447,-0.13130921,0.096298326,0.316165912,0.519298473,0.702205381,0.864436938,1.007115752,1.132080134,1.560431914,1.795821676,1.939670613,2.035878055,2.035878055
3/16/2018,3/16/2018,,,-0.583189425,-0.580797227,-0.57721085,-0.572495671,-0.566714254,-0.559926452,-0.552189523,-0.543558231,-0.534084944,-0.523819729,-0.354328997,-0.137566575,0.090716906,0.311457334,0.515425805,0.699038056,0.861821655,1.004909295,1.130161995,1.558931083,1.794186053,1.937870267,2.033952174,2.033952174
3/17/2018,,,,,,,,,,,,,,,,,,,,,,,,,,,
3/18/2018,,,,,,,,,,,,,,,,,,,,,,,,,,,
3/19/2018,3/19/2018,,,-0.578623513,-0.577039637,-0.574177934,-0.570109148,-0.564900928,-0.558617948,-0.55132203,-0.54307226,-0.533925096,-0.523934478,-0.3548707,-0.135892969,0.09504624,0.317952269,0.523308287,0.707541803,0.87031146,1.012910491,1.137349192,1.560524364,1.791075416,1.931545734,2.025418101,2.025418101
3/20/2018,3/20/2018,,,-0.560111623,-0.560432151,-0.559386632,-0.557049994,-0.553493866,-0.548786718,-0.542993985,-0.536178192,-0.528399076,-0.519713697,-0.362366133,-0.150139832,0.076850194,0.297410032,0.50135538,0.684738699,0.847004226,0.989319385,1.113618066,1.53702433,1.768154247,1.909102207,2.003322606,2.003322606
3/21/2018,3/21/2018,,,-0.546795858,-0.548809203,-0.549301876,-0.548358187,-0.546058667,-0.542480222,-0.537696283,-0.531776958,-0.524789163,-0.516796762,-0.36212544,-0.146895357,0.08475482,0.309809536,0.517393277,0.703413921,0.867409027,1.010720905,1.135466037,1.557353946,1.785947923,1.925018477,2.017929875,2.017929875
3/22/2018,3/22/2018,,,-0.549231378,-0.552117817,-0.553515046,-0.553503521,-0.552160168,-0.549558528,-0.545768896,-0.540858452,-0.534891386,-0.527929027,-0.385639146,-0.181420399,0.041411497,0.259832319,0.46263848,0.645334832,0.807086328,0.948929372,1.072745494,1.49353779,1.722438864,1.861811564,1.954935062,1.954935062
3/23/2018,3/23/2018,,,-0.536523053,-0.540820442,-0.543508315,-0.544674617,-0.544403355,-0.542774767,-0.53986548,-0.535748654,-0.530494136,-0.524168594,-0.385193149,-0.179921076,0.045323024,0.266197668,0.471014875,0.655178904,0.817911163,0.960352825,1.084490641,1.505132164,1.733419621,1.87236945,1.965211597,1.965211597
3/24/2018,,,,,,,,,,,,,,,,,,,,,,,,,,,
3/25/2018,,,,,,,,,,,,,,,,,,,,,,,,,,,
3/26/2018,3/26/2018,,,-0.56390936,-0.563134635,-0.561180804,-0.558109923,-0.553981448,-0.548852335,-0.542777135,-0.535808088,-0.527995215,-0.519386405,-0.368856593,-0.168196223,0.047425181,0.258746366,0.456036115,0.635141259,0.795063502,0.93649405,1.060943992,1.491321052,1.72986581,1.876049656,1.973890835,1.973890835
3/27/2018,3/27/2018,,,-0.553187689,-0.554287074,-0.554138518,-0.55280619,-0.550351594,-0.546833682,-0.542308945,-0.536831509,-0.530453232,-0.523223784,-0.385523061,-0.192424215,0.019134669,0.228668191,0.425609302,0.605242167,0.766195593,0.908918148,1.034766644,1.471516543,1.71432087,1.863238731,1.962929332,1.962929332
3/28/2018,3/28/2018,,,-0.5441038,-0.547392732,-0.549250131,-0.549750976,-0.548967052,-0.546967074,-0.543816808,-0.53957919,-0.534314438,-0.528080157,-0.395476241,-0.200461455,0.015158985,0.228636402,0.428515237,0.609876674,0.771456287,0.913922391,1.038867792,1.467348919,1.70244576,1.845952638,1.941893467,1.941893467
3/29/2018,3/29/2018,,,-0.536935447,-0.541425216,-0.544455524,-0.546101222,-0.546434021,-0.545522609,-0.543432777,-0.540227526,-0.535967178,-0.530709483,-0.407745536,-0.218967634,-0.006917548,0.204941196,0.404551353,0.586526348,0.749257319,0.893169706,1.019691726,1.455455804,1.695442684,1.842074329,1.940121995,1.940121995
3/30/2018,,,,,,,,,,,,,,,,,,,,,,,,,,,
3/31/2018,,,,,,,,,,,,,,,,,,,,,,,,,,,
4/1/2018,,,,,,,,,,,,,,,,,,,,,,,,,,,
4/2/2018,,,,,,,,,,,,,,,,,,,,,,,,,,,
4/3/2018,4/3/2018,,,-0.529486811,-0.533724069,-0.536590548,-0.538152455,-0.538473425,-0.537614616,-0.535634794,-0.532590419,-0.52853573,-0.523522822,-0.404981009,-0.220262578,-0.010120575,0.201974298,0.403328369,0.587830252,0.75327368,0.899670981,1.02820845,1.465776816,1.699647451,1.839202943,1.931423928,1.931423928
4/4/2018,4/4/2018,,,-0.51280932,-0.51963609,-0.524925593,-0.528753073,-0.531190768,-0.532308019,-0.532171383,-0.530844731,-0.528389349,-0.524864034,-0.417489263,-0.236446419,-0.026792323,0.185881828,0.387935805,0.572912209,0.738542867,0.884894541,1.013240515,1.449842178,1.684220252,1.824987763,1.918398008,1.918398008
4/5/2018,4/5/2018,,,-0.521431814,-0.526770634,-0.53063546,-0.533098945,-0.534230838,-0.534098089,-0.532764954,-0.530293093,-0.526741669,-0.522167438,-0.405239322,-0.218597798,-0.005657998,0.208979773,0.412263034,0.598075308,0.764340413,0.911228868,1.04006669,1.478905344,1.715096707,1.857175819,1.951515936,1.951515936
4/6/2018,4/6/2018,,,-0.536959858,-0.539848057,-0.541402357,-0.54168916,-0.54077221,-0.538712689,-0.535569317,-0.531398437,-0.526254109,-0.52018819,-0.391719551,-0.201380865,0.011229295,0.223727707,0.424297131,0.607465547,0.771455186,0.916539881,1.044045252,1.481168886,1.718942994,1.862838102,1.958618631,1.958618631
4/7/2018,,,,,,,,,,,,,,,,,,,,,,,,,,,
4/8/2018,,,,,,,,,,,,,,,,,,,,,,,,,,,
4/9/2018,4/9/2018,,,-0.531587814,-0.53524952,-0.537541574,-0.538531673,-0.538284816,-0.536863403,-0.534327328,-0.530734077,-0.526138812,-0.520594458,-0.396584652,-0.208302911,0.003680506,0.21635282,0.41749984,0.601407877,0.766159051,0.911951953,1.040077178,1.478936877,1.717110804,1.861004982,1.956708744,1.956708744
4/10/2018,4/10/2018,,,-0.5352658,-0.537186071,-0.537828262,-0.537256465,-0.535532198,-0.532714504,-0.528860039,-0.52402316,-0.518256013,-0.511608616,-0.37880396,-0.187498138,0.02423215,0.234932107,0.433335086,0.614282401,0.776163216,0.919330058,1.045135776,1.47662665,1.711668203,1.854056821,1.948878959,1.948878959
4/11/2018,4/11/2018,,,-0.535576973,-0.537244851,-0.537656331,-0.536874398,-0.53495951,-0.531969695,-0.52796064,-0.522985774,-0.517096355,-0.510341552,-0.377145159,-0.186454527,0.024262172,0.233876319,0.431281737,0.611385993,0.772593416,0.915246052,1.040675203,1.471552629,1.706774783,1.849428534,1.944466151,1.944466151
4/12/2018,4/12/2018,,,-0.542266397,-0.541957056,-0.540594754,-0.538228239,-0.534904507,-0.530668856,-0.525564947,-0.519634853,-0.512919113,-0.505456779,-0.370066018,-0.182152927,0.025978339,0.234971306,0.433876564,0.617103008,0.78238938,0.929469835,1.059208573,1.502910569,1.737247976,1.873782822,1.962350659,1.962350659
4/13/2018,4/13/2018,,,-0.544045846,-0.543940995,-0.54276306,-0.540561744,-0.537384961,-0.533278894,-0.52828805,-0.522455319,-0.515822023,-0.508427968,-0.372988057,-0.184024288,0.025570653,0.236103425,0.436445034,0.62092062,0.787241517,0.935145851,1.065517714,1.510446792,1.744589159,1.88067276,1.968835813,1.968835813
4/14/2018,,,,,,,,,,,,,,,,,,,,,,,,,,,
4/15/2018,,,,,,,,,,,,,,,,,,,,,,,,,,,
4/16/2018,4/16/2018,,,-0.539104644,-0.538588575,-0.537042433,-0.534513802,-0.53104856,-0.526690934,-0.521483553,-0.515467503,-0.508682374,-0.501166312,-0.366068515,-0.179466389,0.027017862,0.234401187,0.431918471,0.614050676,0.778545154,0.925111517,1.054574587,1.499056985,1.735331393,1.873605026,1.96350503,1.96350503
4/17/2018,4/17/2018,,,-0.534680567,-0.535242419,-0.534725428,-0.533179011,-0.530650815,-0.527186778,-0.52283118,-0.517626701,-0.511614474,-0.50483413,-0.376140907,-0.19272471,0.012486224,0.219675643,0.417557979,0.600298303,0.765460019,0.912652392,1.042651629,1.488313034,1.724306616,1.861960997,1.951288813,1.951288813
4/18/2018,4/18/2018,,,-0.525120726,-0.526653339,-0.527028272,-0.526300009,-0.524521009,-0.52174177,-0.518010899,-0.513375175,-0.507879609,-0.501567511,-0.375810291,-0.192888816,0.012221614,0.218903618,0.415697736,0.596874542,0.760196263,0.905472364,1.033641491,1.473995837,1.7107004,1.851481732,1.944124159,1.944124159
4/19/2018,4/19/2018,,,-0.516692088,-0.518769852,-0.519551293,-0.519100512,-0.517479092,-0.51474618,-0.510958584,-0.50617085,-0.50043535,-0.493802356,-0.359950763,-0.165853411,0.049653393,0.264466615,0.466849506,0.651346905,0.81619283,0.961687607,1.08920005,1.522333321,1.753866056,1.892276927,1.983857391,1.983857391
4/20/2018,4/20/2018,,,-0.530172639,-0.530681805,-0.530015818,-0.528230803,-0.525380788,-0.521517776,-0.516691814,-0.510951062,-0.504341853,-0.49690876,-0.357515863,-0.161568769,0.055119393,0.271572395,0.476265437,0.663572546,0.831446432,0.979922146,1.110167495,1.550702504,1.781346557,1.916023649,2.003801996,2.003801996
4/21/2018,,,,,,,,,,,,,,,,,,,,,,,,,,,
4/22/2018,,,,,,,,,,,,,,,,,,,,,,,,,,,
4/23/2018,4/23/2018,,,-0.528157472,-0.528711132,-0.528076397,-0.526310045,-0.523466735,-0.519599077,-0.514757702,-0.50899133,-0.502346836,-0.49486931,-0.354393444,-0.15676662,0.061787675,0.280058998,0.486400306,0.675132631,0.844196879,0.993639358,1.124650739,1.566942537,1.79771647,1.932131482,2.019621364,2.019621364
4/24/2018,4/24/2018,,,-0.515795457,-0.518506113,-0.519809475,-0.519776998,-0.518477232,-0.51597593,-0.512336153,-0.507618374,-0.501880568,-0.495178314,-0.35684886,-0.155160115,0.068082249,0.289569274,0.497244601,0.685737755,0.853518013,1.001146536,1.13022381,1.567575058,1.802026067,1.942988226,2.036606006,2.036606006
4/25/2018,4/25/2018,,,-0.521772601,-0.523545099,-0.524038021,-0.523312725,-0.521428251,-0.518441409,-0.514406848,-0.509377136,-0.503402829,-0.496532541,-0.359524268,-0.161021548,0.060204817,0.281571969,0.490754081,0.681789374,0.852551072,1.003125594,1.134789813,1.576300985,1.804500704,1.936815889,2.022818221,2.022818221
4/26/2018,4/26/2018,,,-0.523340693,-0.52489045,-0.525183697,-0.524280729,-0.522239563,-0.519116026,-0.51496382,-0.509834603,-0.503778057,-0.496841956,-0.360060258,-0.16298298,0.056288043,0.275560478,0.482723782,0.671923488,0.841075531,0.990272029,1.120775754,1.558882072,1.785783105,1.917533163,2.00322945,2.00322945
4/27/2018,4/27/2018,,,-0.513731273,-0.517461467,-0.519781783,-0.520763083,-0.520473347,-0.518977789,-0.51633896,-0.512616842,-0.507868953,-0.502150431,-0.375014763,-0.183112033,0.031928865,0.246777688,0.449245767,0.633777851,0.798643237,0.944210005,1.071904245,1.508078857,1.744585974,1.887660656,1.982919366,1.982919366
4/28/2018,,,,,,,,,,,,,,,,,,,,,,,,,,,
4/29/2018,,,,,,,,,,,,,,,,,,,,,,,,,,,
4/30/2018,4/30/2018,,,-0.517033006,-0.519565562,-0.520776393,-0.520731417,-0.519493909,-0.517124598,-0.513681762,-0.509221317,-0.503796907,-0.497459989,-0.366318043,-0.174030523,0.04015664,0.254071984,0.456014102,0.640564935,0.805963198,0.952478406,1.081421902,1.525288072,1.768290287,1.915896661,2.014301394,2.014301394
5/1/2018,,,,,,,,,,,,,,,,,,,,,,,,,,,
5/2/2018,5/2/2018,,,-0.515618154,-0.517890284,-0.518875903,-0.518638706,-0.517239852,-0.514738059,-0.511189696,-0.506648865,-0.501167486,-0.494795379,-0.364438411,-0.17401034,0.038226353,0.250531643,0.451342396,0.635234014,0.800376254,0.94695092,1.076184395,1.522890774,1.768633155,1.918194253,2.0179614,2.0179614
5/3/2018,5/3/2018,,,-0.518514574,-0.521488924,-0.523133786,-0.523514907,-0.522695416,-0.520735917,-0.517694585,-0.513627251,-0.508587494,-0.502626719,-0.375335547,-0.185750236,0.02669497,0.239609947,0.441091476,0.625554339,0.79110777,0.93792581,1.067252284,1.513104342,1.757447513,1.905869361,2.004803842,2.004803842
5/4/2018,5/4/2018,,,-0.511662809,-0.51455142,-0.516158514,-0.516545043,-0.515769646,-0.51388873,-0.510956549,-0.507025277,-0.502145083,-0.496364197,-0.371932184,-0.184732934,0.026818817,0.240303103,0.44340068,0.63004562,0.797938419,0.946958193,1.07816491,1.527212986,1.768060485,1.911565846,2.006204839,2.006204839
5/5/2018,,,,,,,,,,,,,,,,,,,,,,,,,,,
5/6/2018,,,,,,,,,,,,,,,,,,,,,,,,,,,
5/7/2018,5/7/2018,,,-0.518748906,-0.5207383,-0.521543144,-0.521218069,-0.519815716,-0.517386805,-0.513980198,-0.509642958,-0.504420412,-0.498356208,-0.373764292,-0.189246465,0.019353098,0.23063502,0.432516343,0.618812837,0.786982191,0.936650646,1.068664937,1.520260516,1.759579882,1.899835629,1.991260318,1.991260318
5/8/2018,5/8/2018,,,-0.515119682,-0.516750151,-0.517177722,-0.516458448,-0.51464633,-0.51179338,-0.507949692,-0.503163505,-0.497481264,-0.49094768,-0.360290235,-0.169671081,0.044416303,0.260305871,0.465863258,0.654965291,0.825181711,0.976266456,1.109190439,1.561058089,1.798341325,1.936650926,2.026583596,2.026583596
5/9/2018,5/9/2018,,,-0.51122558,-0.513364804,-0.514194284,-0.513779878,-0.512184773,-0.509469582,-0.505692445,-0.50090912,-0.495173072,-0.488535562,-0.354561329,-0.160546101,0.054721508,0.26943527,0.472141433,0.657565329,0.824010423,0.971758123,1.102100058,1.554125105,1.80461516,1.957860988,2.060334035,2.060334035
5/10/2018,5/10/2018,,,-0.511064068,-0.512397169,-0.512491828,-0.511410213,-0.509211981,-0.505954374,-0.501692306,-0.496478454,-0.49036334,-0.483395409,-0.348384006,-0.156604539,0.055137148,0.266086456,0.465302038,0.647719184,0.811689544,0.957462708,1.086264576,1.53469715,1.784440415,1.937570068,2.040043098,2.040043098
5/11/2018,5/11/2018,,,-0.511912956,-0.512974577,-0.512800454,-0.511452991,-0.508992061,-0.505475101,-0.500957205,-0.49549121,-0.489127781,-0.481915496,-0.344310466,-0.150589351,0.062492552,0.27428414,0.473956935,0.656548621,0.820495557,0.966113441,1.094677617,1.541610278,1.790150563,1.942468738,2.044385835,2.044385835
5/12/2018,,,,,,,,,,,,,,,,,,,,,,,,,,,
5/13/2018,,,,,,,,,,,,,,,,,,,,,,,,,,,
5/14/2018,5/14/2018,,,-0.512565159,-0.512586122,-0.511391982,-0.509045167,-0.505605544,-0.501130518,-0.495675128,-0.489292129,-0.482032089,-0.473943462,-0.327338931,-0.127130671,0.090403662,0.305082583,0.506485128,0.689978733,0.85425454,0.99981847,1.128083957,1.572373296,1.818609293,1.969358014,2.070199045,2.070199045
5/15/2018,5/15/2018,,,-0.514017156,-0.513266882,-0.511315649,-0.508225822,-0.504057196,-0.498867093,-0.492710456,-0.48563994,-0.477705998,-0.468956967,-0.315428781,-0.109947604,0.111511319,0.329053033,0.532504243,0.71743517,0.882697106,1.028919197,1.157607806,1.602341994,1.848266138,1.998705727,2.099317181,2.099317181
5/16/2018,5/16/2018,,,-0.506785998,-0.502016872,-0.496389428,-0.489946939,-0.482730996,-0.474781572,-0.466137074,-0.456834406,-0.446909018,-0.436394959,-0.274998371,-0.075756812,0.134728528,0.341195435,0.53547728,0.713761358,0.874832945,1.018963295,1.147215834,1.601913949,1.861039161,2.021515478,2.129260029,2.129260029
5/17/2018,5/17/2018,,,-0.521207188,-0.515130454,-0.50823364,-0.500558849,-0.492146539,-0.483035584,-0.473263331,-0.46286565,-0.451876995,-0.440330448,-0.268631203,-0.062092383,0.153604704,0.363829803,0.56085161,0.741158201,0.903743394,1.049023604,1.178163745,1.635250902,1.89540005,2.056455335,2.164579549,2.164579549
5/18/2018,5/18/2018,,,-0.510071945,-0.504402362,-0.497884587,-0.490562101,-0.482476682,-0.473668467,-0.464176009,-0.454036336,-0.443285005,-0.431956156,-0.261665469,-0.055124104,0.161220425,0.372318245,0.570221605,0.751318193,0.914565317,1.060376103,1.189927821,1.647914737,1.908170254,2.06918043,2.177249153,2.177249153
5/19/2018,,,,,,,,,,,,,,,,,,,,,,,,,,,
5/20/2018,,,,,,,,,,,,,,,,,,,,,,,,,,,
5/21/2018,5/21/2018,,,-0.506636353,-0.498663238,-0.489999636,-0.480681013,-0.470741484,-0.460213861,-0.449129701,-0.437519345,-0.425411965,-0.412835599,-0.234163373,-0.026791729,0.187116256,0.394787042,0.589393769,0.767801041,0.929100674,1.073671666,1.202585567,1.662394986,1.926558564,2.090754077,2.20113307,2.20113307
5/22/2018,5/22/2018,,,-0.506960729,-0.500185822,-0.492621921,-0.484309864,-0.475288893,-0.465596711,-0.455269539,-0.44434217,-0.432848015,-0.420819159,-0.244826655,-0.035946262,0.180948722,0.391719069,0.588927572,0.769235176,0.931734772,1.07689755,1.205917089,1.662610398,1.922638513,2.08366094,2.191773979,2.191773979
5/23/2018,5/23/2018,,,-0.507413821,-0.498142279,-0.488297345,-0.477907903,-0.467001794,-0.455605846,-0.443745907,-0.43144688,-0.418732752,-0.405626623,-0.225096664,-0.020543371,0.189124298,0.39273387,0.584136849,0.760385294,0.920516991,1.064754951,1.19398725,1.659989653,1.93111783,2.100530858,2.214617057,2.214617057
5/24/2018,5/24/2018,,,-0.489675701,-0.482301771,-0.474277094,-0.465633782,-0.456402773,-0.446613868,-0.436295766,-0.425476106,-0.414181499,-0.402437563,-0.234569811,-0.037876349,0.166765048,0.367011035,0.556025066,0.730460267,0.889126488,1.032118479,1.16025312,1.62208072,1.890477031,2.058084086,2.170932013,2.170932013
5/25/2018,5/25/2018,,,-0.481121835,-0.463977826,-0.446899743,-0.429883219,-0.412924305,-0.39601945,-0.379165474,-0.362359545,-0.345599158,-0.328882114,-0.131196847,0.061284359,0.247327399,0.425054626,0.592787104,0.749360966,0.894177984,1.027135953,1.148517026,1.605508179,1.88466793,2.062596209,2.183206517,2.183206517
5/26/2018,,,,,,,,,,,,,,,,,,,,,,,,,,,
5/27/2018,,,,,,,,,,,,,,,,,,,,,,,,,,,
5/28/2018,5/28/2018,,,-0.432272313,-0.412971488,-0.393940133,-0.37515951,-0.356612173,-0.338281895,-0.320153602,-0.302213303,-0.284448033,-0.266845787,-0.065057898,0.125577739,0.30835702,0.482933835,0.647902324,0.801940829,0.944221753,1.074472514,1.192891062,1.632103327,1.893849002,2.058301735,2.169122923,2.169122923
5/29/2018,5/29/2018,,,-0.230588747,-0.19748386,-0.165772996,-0.135387619,-0.106262162,-0.078333908,-0.051542882,-0.025831739,-0.001145662,0.022567741,0.247412354,0.401794314,0.522682007,0.629589471,0.731922245,0.833462473,0.93505054,1.036143909,1.135687745,1.578130365,1.900294292,2.121916835,2.276601206,2.276601206
5/30/2018,5/30/2018,,,-0.389338343,-0.355302021,-0.322427052,-0.290658841,-0.259945214,-0.230236327,-0.201484564,-0.173644449,-0.146672555,-0.120527421,0.141469268,0.339197904,0.501662806,0.644337775,0.775021541,0.897321572,1.01268112,1.1215238,1.223872916,1.638639432,1.914480494,2.096943953,2.22231047,2.22231047
5/31/2018,5/31/2018,,,-0.426632942,-0.400307034,-0.374516551,-0.349244665,-0.324475094,-0.30019208,-0.276380375,-0.253025229,-0.230112369,-0.207627986,0.033214057,0.232459034,0.402710847,0.552283711,0.68661375,0.809228866,0.922409398,1.027633607,1.125874439,1.530492166,1.819462199,2.024532381,2.171910859,2.171910859
6/1/2018,6/1/2018,,,-0.435759017,-0.416322722,-0.397035734,-0.377894706,-0.35889647,-0.34003802,-0.321316512,-0.30272925,-0.284273682,-0.265947393,-0.055394569,0.139563995,0.320429742,0.488037448,0.642959874,0.785713696,0.916850662,1.036985657,1.146792732,1.566212071,1.830864115,2.003574681,2.122052303,2.122052303
6/2/2018,,,,,,,,,,,,,,,,,,,,,,,,,,,
6/3/2018,,,,,,,,,,,,,,,,,,,,,,,,,,,
6/4/2018,6/4/2018,,,-0.415672069,-0.401065316,-0.386386512,-0.371641382,-0.356835476,-0.341974167,-0.327062664,-0.312106008,-0.297109083,-0.282076616,-0.100440095,0.079439276,0.253340877,0.418657124,0.573923219,0.718471512,0.852178941,0.975283811,1.08825401,1.523818249,1.803149657,1.988036834,2.116080486,2.116080486
6/5/2018,6/5/2018,,,-0.430501951,-0.411029259,-0.391731365,-0.372605277,-0.353648084,-0.334856954,-0.316229129,-0.297761929,-0.279452742,-0.261299028,-0.054743326,0.133310999,0.305538957,0.463943692,0.610064047,0.745118399,0.870103376,0.985860884,1.093123094,1.522951019,1.81888972,2.025747336,2.173966818,2.173966818
6/6/2018,6/6/2018,,,-0.382059545,-0.357290257,-0.332941056,-0.30900118,-0.285460156,-0.262307791,-0.239534163,-0.217129617,-0.195084754,-0.173390431,0.062610948,0.262043787,0.434269174,0.585977298,0.72193021,0.845506905,0.959101352,1.064411527,1.162647981,1.57156298,1.875605889,2.101684621,2.270368377,2.270368377
6/7/2018,6/7/2018,,,-0.373791167,-0.348925085,-0.324477024,-0.300437102,-0.27679567,-0.25354331,-0.230670826,-0.208169241,-0.186029794,-0.164243931,0.072454632,0.271538594,0.442272191,0.591519224,0.724338989,0.844441109,0.954531428,1.056573995,1.151988601,1.557053437,1.874008065,2.12244091,2.315886917,2.315886917
6/8/2018,6/8/2018,,,-0.358559796,-0.33106311,-0.304104123,-0.277669548,-0.251746418,-0.226322071,-0.201384149,-0.176920589,-0.152919614,-0.129369733,0.121868857,0.326008091,0.49545971,0.639386756,0.764506159,0.875702773,0.976497507,1.069402798,1.156191359,1.530250139,1.8348057,2.081546962,2.277864144,2.277864144
6/9/2018,,,,,,,,,,,,,,,,,,,,,,,,,,,
6/10/2018,,,,,,,,,,,,,,,,,,,,,,,,,,,
6/11/2018,6/11/2018,,,-0.404311551,-0.381376077,-0.358743692,-0.336408257,-0.314363769,-0.292604362,-0.271124298,-0.249917966,-0.228979883,-0.208304686,0.021088687,0.22107286,0.397663255,0.55544298,0.697905456,0.827717518,0.946920848,1.057085737,1.159428044,1.581064842,1.893441385,2.128679618,2.307409516,2.307409516
6/12/2018,6/12/2018,,,-0.415169269,-0.393709979,-0.372485708,-0.351492319,-0.330725762,-0.310182072,-0.289857368,-0.269747851,-0.249849805,-0.230159588,-0.00886307,0.188294723,0.36550775,0.526041516,0.672450767,0.8067467,0.930525101,1.04506429,1.151399802,1.585385553,1.899481931,2.13107159,2.304429678,2.304429678
6/13/2018,6/13/2018,,,-0.416554623,-0.395851598,-0.375365115,-0.355091575,-0.335027454,-0.315169297,-0.295513718,-0.276057397,-0.256797081,-0.237729579,-0.022880586,0.169327487,0.342664018,0.500109394,0.644029051,0.776309564,0.898464859,1.011718922,1.117070086,1.549847818,1.867307465,2.104769787,2.284857298,2.284857298
6/14/2018,6/14/2018,,,-0.423019188,-0.40440167,-0.385934505,-0.367615694,-0.34944328,-0.331415339,-0.313529983,-0.295785361,-0.278179654,-0.260711077,-0.061177357,0.121511989,0.289537905,0.444672308,0.588367727,0.721826887,0.84605664,0.961909677,1.07011675,1.516200743,1.84160416,2.082438194,2.263352754,2.263352754
6/15/2018,6/15/2018,,,-0.439666177,-0.424282716,-0.408931628,-0.393613947,-0.378330678,-0.363082796,-0.347871249,-0.332696956,-0.317560809,-0.302463673,-0.12462169,0.046334096,0.209630708,0.364819096,0.511698091,0.6502537,0.78061086,0.90299527,1.017703369,1.48887722,1.824180821,2.064775303,2.240785483,2.240785483
6/16/2018,,,,,,,,,,,,,,,,,,,,,,,,,,,
6/17/2018,,,,,,,,,,,,,,,,,,,,,,,,,,,
6/18/2018,6/18/2018,,,-0.467259992,-0.453218523,-0.439119745,-0.424967557,-0.410765759,-0.396518052,-0.382228042,-0.367899242,-0.353535071,-0.33913886,-0.164982808,0.008725566,0.178630396,0.342435236,0.498646503,0.646373105,0.785170558,0.91492029,1.03573669,1.518475605,1.842478235,2.061951954,2.215093239,2.215093239
6/19/2018,6/19/2018,,,-0.477089416,-0.461516128,-0.445976436,-0.430471382,-0.415001974,-0.399569194,-0.384173992,-0.368817292,-0.35349999,-0.338222953,-0.158320645,0.014513998,0.179512429,0.336233685,0.484486965,0.624269916,0.755719654,0.879074076,0.994641481,1.468819907,1.805723195,2.047182075,2.223680659,2.223680659
6/20/2018,6/20/2018,,,-0.479065381,-0.464135413,-0.449203703,-0.43427228,-0.419343119,-0.404418141,-0.38949922,-0.374588181,-0.359686797,-0.344796797,-0.167573162,0.005397654,0.172405628,0.332312003,0.484415695,0.628347537,0.763986869,0.891396026,1.01076915,1.498803245,1.841672443,2.084312266,2.259761501,2.259761501
6/21/2018,6/21/2018,,,-0.439290211,-0.4230858,-0.406939289,-0.390851103,-0.374821653,-0.358851332,-0.342940517,-0.32708957,-0.311298836,-0.295568646,-0.111629853,0.063170097,0.228667136,0.384877662,0.531953835,0.670147686,0.799782463,0.921229912,1.034892384,1.501143917,1.833585201,2.073112918,2.249053459,2.249053459
6/22/2018,6/22/2018,,,-0.436224249,-0.419087226,-0.402041328,-0.385086149,-0.368221287,-0.351446341,-0.334760909,-0.318164592,-0.301656992,-0.28523771,-0.094951895,0.083345661,0.250310146,0.406578198,0.552767502,0.689475851,0.817279994,0.936734496,1.048370736,1.50617527,1.83421897,2.072319277,2.248375049,2.248375049
6/23/2018,,,,,,,,,,,,,,,,,,,,,,,,,,,
6/24/2018,,,,,,,,,,,,,,,,,,,,,,,,,,,
6/25/2018,6/25/2018,,,-0.4422367,-0.4210067,-0.400105335,-0.379522923,-0.359250083,-0.339277723,-0.319597035,-0.300199485,-0.281076803,-0.26222098,-0.05417246,0.127213689,0.289402422,0.437365296,0.574369144,0.702532144,0.823212241,0.937275467,1.045278802,1.504591433,1.847517206,2.099260459,2.284528082,2.284528082
6/26/2018,6/26/2018,,,-0.443324235,-0.421778582,-0.400551854,-0.37963231,-0.359008696,-0.338670239,-0.318606617,-0.298807949,-0.279264774,-0.259968037,-0.044821372,0.147019134,0.322208123,0.484457167,0.635779417,0.777255255,0.909490415,1.03287978,1.147750804,1.607072121,1.914340073,2.121275432,2.265327569,2.265327569
6/27/2018,6/27/2018,,,-0.442276,-0.422523649,-0.403005706,-0.383716385,-0.364650069,-0.345801307,-0.327164805,-0.308735428,-0.29050819,-0.272478251,-0.069930279,0.111422778,0.276290914,0.427935412,0.568613392,0.699894046,0.822881622,0.93837101,1.046954971,1.500265923,1.831580618,2.07267523,2.249701353,2.249701353
6/28/2018,6/28/2018,,,-0.441779885,-0.422062543,-0.402588994,-0.383353053,-0.364348715,-0.345570151,-0.327011704,-0.308667885,-0.290533365,-0.272602973,-0.071674458,0.107564071,0.270129645,0.41948211,0.558000662,0.687323456,0.808587537,0.92259663,1.029937036,1.479912305,1.810782648,2.052511443,2.230418418,2.230418418
6/29/2018,6/29/2018,,,-0.449540804,-0.431739025,-0.414081663,-0.396565911,-0.379189049,-0.361948437,-0.344841518,-0.327865813,-0.311018919,-0.294298506,-0.102761948,0.074013968,0.238274213,0.391587479,0.535072808,0.669555653,0.795673718,0.913947427,1.024825722,1.481793722,1.808150839,2.041609583,2.211228573,2.211228573
6/30/2018,,,,,,,,,,,,,,,,,,,,,,,,,,,
7/1/2018,,,,,,,,,,,,,,,,,,,,,,,,,,,
7/2/2018,7/2/2018,,,-0.456036554,-0.438910225,-0.421880605,-0.404947276,-0.388109814,-0.371367797,-0.354720803,-0.338168407,-0.321710185,-0.305345712,-0.116129203,0.060387065,0.224939219,0.378252941,0.521036405,0.653974908,0.777726919,0.892921321,1.000155626,1.435569029,1.743298679,1.964574201,2.127218357,2.127218357
7/3/2018,7/3/2018,,,-0.469496354,-0.452479442,-0.435538671,-0.418674403,-0.401886977,-0.385176713,-0.368543912,-0.351988853,-0.335511798,-0.319112988,-0.128495228,0.050639565,0.218351799,0.374899725,0.520680104,0.656182386,0.781953621,0.898571864,1.006626289,1.438310909,1.734125164,1.940898716,2.089523479,2.089523479
7/4/2018,7/4/2018,,,-0.456997262,-0.440178443,-0.423450154,-0.406812089,-0.390263942,-0.3738054,-0.35743615,-0.341155875,-0.324964258,-0.308860975,-0.122391744,0.051988276,0.214889188,0.366935672,0.50875508,0.640968131,0.76418179,0.878983938,0.985939513,1.420926584,1.728844576,1.950390935,2.113262967,2.113262967
7/5/2018,7/5/2018,,,-0.45332793,-0.43297927,-0.412890493,-0.393055209,-0.373467219,-0.354120502,-0.335009213,-0.316127681,-0.2974704,-0.279032024,-0.073102051,0.109288407,0.273372201,0.422801098,0.560132689,0.687174254,0.805223655,0.915236485,1.017940802,1.439273605,1.739896729,1.954993934,2.111168955,2.111168955
7/6/2018,7/6/2018,,,-0.458870786,-0.439012975,-0.419403605,-0.400036453,-0.38090548,-0.362004828,-0.343328815,-0.324871925,-0.306628811,-0.288594284,-0.086760524,0.092748842,0.254946248,0.403292865,0.54018364,0.667288667,0.785791296,0.896552476,1.000222776,1.427843114,1.734737023,1.954953221,2.115073793,2.115073793
7/7/2018,,,,,,,,,,,,,,,,,,,,,,,,,,,
7/8/2018,,,,,,,,,,,,,,,,,,,,,,,,,,,
7/9/2018,7/9/2018,,,-0.452726364,-0.434622102,-0.416669865,-0.398865131,-0.381203598,-0.363681174,-0.346293965,-0.329038271,-0.311910575,-0.294907535,-0.099586158,0.082033175,0.252039462,0.411455206,0.560780652,0.700304608,0.830270827,0.950957506,1.062706548,1.503200448,1.792770041,1.986185454,2.120388199,2.120388199
7/10/2018,7/10/2018,,,-0.461121383,-0.441622346,-0.42234442,-0.403282367,-0.384431103,-0.365785696,-0.347341363,-0.329093461,-0.311037487,-0.293169075,-0.091955476,0.088746438,0.253170365,0.404256552,0.544060427,0.674038855,0.795248704,0.908483034,1.014363212,1.449335062,1.759397625,1.980874384,2.14150014,2.14150014
7/11/2018,7/11/2018,,,-0.438117444,-0.419974749,-0.401970261,-0.384102492,-0.366369975,-0.348771265,-0.33130494,-0.313969597,-0.296763855,-0.279686354,-0.084290036,0.094915401,0.259715075,0.411626057,0.551947601,0.681801047,0.802161556,0.913883385,1.017720068,1.439741331,1.740905268,1.960280044,2.123387141,2.123387141
7/12/2018,7/12/2018,,,-0.448789279,-0.429538822,-0.410521257,-0.391730664,-0.373161301,-0.3548076,-0.336664162,-0.318725753,-0.300987296,-0.28344387,-0.086535965,0.089572636,0.249580661,0.396699839,0.533125008,0.66036456,0.779470484,0.891196643,0.99610617,1.431955804,1.747459261,1.975024772,2.141000603,2.141000603
7/13/2018,7/13/2018,,,-0.457711932,-0.441136705,-0.424653024,-0.408259749,-0.391955781,-0.37574006,-0.359611569,-0.343569326,-0.327612385,-0.311739836,-0.127562515,0.045755326,0.209013375,0.3627649,0.507430175,0.643366887,0.770911569,0.890401938,1.002187012,1.458570176,1.778619349,2.004162205,2.166378391,2.166378391
7/14/2018,,,,,,,,,,,,,,,,,,,,,,,,,,,
7/15/2018,,,,,,,,,,,,,,,,,,,,,,,,,,,
7/16/2018,7/16/2018,,,-0.456110595,-0.439050869,-0.422106396,-0.405275398,-0.388556151,-0.371946987,-0.355446293,-0.339052505,-0.322764111,-0.306579644,-0.119998326,0.053774719,0.216142913,0.368106931,0.510415541,0.64366489,0.76836216,0.884964949,0.993904395,1.437986727,1.749478742,1.969298402,2.127593976,2.127593976
7/17/2018,7/17/2018,,,-0.47015849,-0.454301308,-0.438490381,-0.422726437,-0.407010188,-0.391342329,-0.375723537,-0.360154473,-0.344635779,-0.329168082,-0.147738923,0.025411852,0.189712984,0.344853051,0.490735209,0.627434373,0.755158577,0.874215279,0.984982767,1.430052673,1.734850622,1.946270643,2.096927449,2.096927449
7/18/2018,7/18/2018,,,-0.45990353,-0.442934995,-0.426153621,-0.409553012,-0.393127029,-0.376869772,-0.36077558,-0.344839016,-0.329054862,-0.313418113,-0.135709451,0.0276101,0.180342131,0.324613021,0.461539546,0.591660657,0.715210912,0.832288029,0.942950775,1.404054104,1.732176165,1.962998862,2.127944693,2.127944693
7/19/2018,7/19/2018,,,-0.475248866,-0.45869689,-0.442313672,-0.426091558,-0.41002328,-0.394101942,-0.378320998,-0.362674243,-0.347155796,-0.331760086,-0.154926909,0.01109062,0.169336178,0.320913211,0.465956157,0.604196476,0.73527516,0.858900405,0.974913785,1.444668975,1.761751178,1.975784074,2.124859883,2.124859883
7/20/2018,7/20/2018,,,-0.459351799,-0.440311006,-0.421589349,-0.403172878,-0.385048256,-0.367202733,-0.349624127,-0.332300797,-0.315221627,-0.298376003,-0.11118575,0.056344899,0.211464475,0.357836479,0.497094627,0.629797098,0.755994685,0.875554853,0.988334632,1.451456734,1.769625079,1.98633043,2.137863511,2.137863511
7/21/2018,,,,,,,,,,,,,,,,,,,,,,,,,,,
7/22/2018,,,,,,,,,,,,,,,,,,,,,,,,,,,
7/23/2018,7/23/2018,,,-0.452328831,-0.434215846,-0.416313834,-0.398616499,-0.381117763,-0.363811762,-0.346692835,-0.329755519,-0.312994543,-0.296404823,-0.109064046,0.060858345,0.217721738,0.364252381,0.502122283,0.632341488,0.755519731,0.872037517,0.982155056,1.443828137,1.778310183,2.017824341,2.19119561,2.19119561
7/24/2018,7/24/2018,,,-0.423343861,-0.400737329,-0.378723804,-0.357277094,-0.336372063,-0.315984584,-0.296091511,-0.27667064,-0.257700672,-0.239161186,-0.043894776,0.117148396,0.259292212,0.391002139,0.516592012,0.637956101,0.755656462,0.869588491,0.979374295,1.453967403,1.800126603,2.043225188,2.215652074,2.215652074
7/25/2018,7/25/2018,,,-0.449282325,-0.42998391,-0.410972651,-0.392239109,-0.373774175,-0.355569054,-0.337615256,-0.319904589,-0.302429149,-0.285181307,-0.093526198,0.076221946,0.230599749,0.373677681,0.507921985,0.634780508,0.755075372,0.869261642,0.977593931,1.436409287,1.772629612,2.014466582,2.189707041,2.189707041
7/26/2018,7/26/2018,,,-0.44755637,-0.427769293,-0.408294066,-0.389120379,-0.370238272,-0.351638132,-0.333310671,-0.315246928,-0.29743825,-0.279876284,-0.085707684,0.084868187,0.239066128,0.381407285,0.514650682,0.640428496,0.759673663,0.872903032,0.980401012,1.436887153,1.77275942,2.014955426,2.190689965,2.190689965
7/27/2018,7/27/2018,,,-0.438881249,-0.419142075,-0.399702959,-0.380554316,-0.361686887,-0.343091722,-0.324760173,-0.306683888,-0.288854798,-0.271265108,-0.076365178,0.095258785,0.250444422,0.393535003,0.527229583,0.65316601,0.772315758,0.885247239,0.992297994,1.445744542,1.77910468,2.019808215,2.194734896,2.194734896
7/28/2018,,,,,,,,,,,,,,,,,,,,,,,,,,,
7/29/2018,,,,,,,,,,,,,,,,,,,,,,,,,,,
7/30/2018,7/30/2018,,,-0.421636704,-0.403781334,-0.386052931,-0.368448217,-0.350964077,-0.33359755,-0.316345826,-0.299206237,-0.28217625,-0.265253463,-0.069821427,0.113188332,0.285218428,0.446950077,0.598711874,0.740711143,0.87315511,0.996305764,1.110496486,1.562613392,1.862161192,2.063467657,2.203668337,2.203668337
7/31/2018,7/31/2018,,,-0.420570612,-0.402449488,-0.384491453,-0.366691535,-0.349044991,-0.331547289,-0.314194107,-0.296981321,-0.279904994,-0.262961377,-0.068841888,0.111071047,0.279314945,0.437212815,0.585443307,0.724380344,0.854286148,0.975413064,1.088050341,1.537330511,1.837844796,2.0408452,2.182570416,2.182570416
8/1/2018,8/1/2018,,,-0.407107648,-0.390204058,-0.373333443,-0.356497377,-0.339697403,-0.32293503,-0.306211734,-0.289528958,-0.272888112,-0.256290571,-0.060954391,0.126042764,0.303349865,0.470143869,0.62603374,0.770967523,0.905148813,1.028965273,1.142929702,1.586570939,1.875118206,2.067609297,2.201374636,2.201374636
8/2/2018,8/2/2018,,,-0.400782575,-0.381700759,-0.362775113,-0.344002349,-0.325379307,-0.306902956,-0.288570382,-0.270378789,-0.252325492,-0.234407912,-0.029172672,0.160094373,0.335500027,0.498400226,0.649730841,0.790207546,0.920441502,1.04100208,1.152447227,1.592403671,1.884741123,2.082350756,2.220598003,2.220598003
8/3/2018,8/3/2018,,,-0.398798903,-0.377134487,-0.355961251,-0.335254931,-0.314992401,-0.295151624,-0.27571161,-0.256652372,-0.23795488,-0.219601025,-0.020662728,0.152070216,0.310164098,0.45911563,0.601137843,0.736798232,0.865948993,0.988228768,1.103311401,1.569666204,1.881125453,2.088532736,2.231688474,2.231688474
8/4/2018,,,,,,,,,,,,,,,,,,,,,,,,,,,
8/5/2018,,,,,,,,,,,,,,,,,,,,,,,,,,,
8/6/2018,8/6/2018,,,-0.405975557,-0.388821807,-0.371756094,-0.354775318,-0.337876621,-0.321057376,-0.304315174,-0.28764781,-0.271053274,-0.254529737,-0.061326072,0.123167928,0.298880527,0.46517714,0.621398258,0.767095696,0.902104389,1.026531069,1.140706578,1.578097111,1.852876145,2.031045734,2.152778348,2.152778348
8/7/2018,8/7/2018,,,-0.423165685,-0.404903351,-0.386802018,-0.368854297,-0.35105326,-0.333392416,-0.315865688,-0.298467394,-0.281192224,-0.264035224,-0.065973071,0.120500993,0.297172875,0.464239749,0.621347099,0.768101832,0.904291609,1.029947583,1.145330299,1.587197336,1.863784907,2.042456484,2.164267604,2.164267604
8/8/2018,8/8/2018,,,-0.429538619,-0.410572334,-0.39184357,-0.373339772,-0.355049123,-0.336960506,-0.319063467,-0.301348189,-0.283805452,-0.266426608,-0.068178737,0.116382573,0.291025676,0.456706734,0.613232363,0.76011089,0.89694562,1.023580208,1.140118308,1.587462447,1.867165263,2.047371432,2.17002673,2.17002673
8/9/2018,8/9/2018,,,-0.421834445,-0.400710583,-0.379996581,-0.359671014,-0.339713583,-0.320105057,-0.30082723,-0.281862867,-0.263195664,-0.244810202,-0.04158798,0.139971218,0.308419721,0.467251132,0.617505435,0.759192057,0.892024112,1.0157625,1.130347772,1.576245291,1.859054132,2.042280995,2.167223569,2.167223569
8/10/2018,8/10/2018,,,-0.39946559,-0.377112809,-0.355147043,-0.333553846,-0.312319372,-0.291430352,-0.270874071,-0.250638347,-0.230711512,-0.211082387,0.004720976,0.19278151,0.361484821,0.515626075,0.657907339,0.78985616,0.912375582,1.026062903,1.131385982,1.547816796,1.822240154,2.005298687,2.132065652,2.132065652
8/11/2018,,,,,,,,,,,,,,,,,,,,,,,,,,,
8/12/2018,,,,,,,,,,,,,,,,,,,,,,,,,,,
8/13/2018,8/13/2018,,,-0.391087621,-0.366499569,-0.34240399,-0.318782679,-0.295618145,-0.272893586,-0.250592865,-0.228700482,-0.207201555,-0.186081793,0.042263988,0.235707586,0.405520092,0.558394504,0.698249263,0.827364858,0.947087457,1.058254651,1.16144534,1.572924765,1.847942377,2.033041368,2.161794707,2.161794707
8/14/2018,8/14/2018,,,-0.392964308,-0.368927085,-0.34534762,-0.322209212,-0.299495819,-0.277192035,-0.255283067,-0.233754707,-0.212593316,-0.1917858,0.034407613,0.227669583,0.398299631,0.552411359,0.693592529,0.82394771,0.944741031,1.056782972,1.160655757,1.573437846,1.848147875,2.032654676,2.160885256,2.160885256
8/15/2018,8/15/2018,,,-0.383634631,-0.361899295,-0.340570134,-0.319628237,-0.299055629,-0.278835228,-0.258950805,-0.239386948,-0.220129023,-0.201163141,0.007825506,0.192311939,0.360811752,0.517331776,0.663572951,0.800165776,0.927331879,1.045213458,1.154016909,1.576035116,1.843988495,2.018065606,2.13696185,2.13696185
8/16/2018,8/16/2018,,,-0.375480203,-0.352734714,-0.330394688,-0.308444964,-0.286871001,-0.265658865,-0.244795199,-0.224267201,-0.204062606,-0.184169663,0.03389465,0.223020806,0.392079927,0.546170721,0.688182231,0.819754959,0.94185841,1.0551275,1.160050116,1.574915457,1.848370292,2.030799359,2.157130439,2.157130439
8/17/2018,8/17/2018,,,-0.37175504,-0.347852881,-0.324422187,-0.301444984,-0.278904029,-0.25678278,-0.235065376,-0.213736603,-0.192781876,-0.172187211,0.051226933,0.241849536,0.410367921,0.562970095,0.703174586,0.832965518,0.953482315,1.065427558,1.169299355,1.582019281,1.855756257,2.038923333,2.165919186,2.165919186
8/18/2018,,,,,,,,,,,,,,,,,,,,,,,,,,,
8/19/2018,,,,,,,,,,,,,,,,,,,,,,,,,,,
8/20/2018,8/20/2018,,,-0.399974897,-0.376505489,-0.353447559,-0.330787142,-0.308510799,-0.2866056,-0.265059106,-0.243859354,-0.222994833,-0.202454475,0.022239496,0.215708216,0.387007906,0.541694714,0.683165436,0.81351425,0.9340712,1.045733641,1.149164799,1.560435675,1.835611062,2.021547026,2.151292907,2.151292907
8/21/2018,8/21/2018,,,-0.404464557,-0.384972693,-0.365795181,-0.346916,-0.328319975,-0.309992734,-0.291920675,-0.274090932,-0.256491335,-0.239110384,-0.044191349,0.133260696,0.299467124,0.456842442,0.605978739,0.746733945,0.878792995,1.001927926,1.116093056,1.56240659,1.847862313,2.033871721,2.16107128,2.16107128
8/22/2018,8/22/2018,,,-0.481568339,-0.452424587,-0.424153449,-0.396713678,-0.370065883,-0.344172451,-0.318997472,-0.294506673,-0.270667344,-0.24744828,-0.007635154,0.183853435,0.348435977,0.497286717,0.635831759,0.766417755,0.889855821,1.006283724,1.115622903,1.557116198,1.850118172,2.04412542,2.177570973,2.177570973
8/23/2018,8/23/2018,,,-0.472099023,-0.442352656,-0.413517569,-0.385550648,-0.358410712,-0.332058436,-0.306456273,-0.281568381,-0.257360551,-0.233800141,0.008435043,0.200358902,0.364435426,0.512415063,0.650024602,0.779753685,0.902469318,1.018319555,1.127214319,1.567777049,1.860698839,2.054765702,2.188271451,2.188271451
8/24/2018,8/24/2018,,,-0.455100548,-0.425355237,-0.396533345,-0.368589941,-0.341482165,-0.315169151,-0.289611934,-0.264773374,-0.240618078,-0.217112323,0.024577823,0.216596447,0.381460837,0.530651771,0.669578031,0.800473053,0.924038462,1.040340789,1.149272623,1.585305904,1.870794993,2.058259928,2.186701258,2.186701258
8/25/2018,,,,,,,,,,,,,,,,,,,,,,,,,,,
8/26/2018,,,,,,,,,,,,,,,,,,,,,,,,,,,
8/27/2018,8/27/2018,,,-0.415953887,-0.387918326,-0.360663873,-0.334153991,-0.308353799,-0.283230001,-0.25875082,-0.234885935,-0.211606421,-0.18888469,0.048714843,0.242150533,0.410247728,0.562800443,0.70456939,0.837642648,0.962792412,1.080226048,1.189979217,1.628587608,1.916628503,2.106542706,2.236973974,2.236973974
8/28/2018,8/28/2018,,,-0.489877287,-0.454398147,-0.420151212,-0.387076415,-0.355116483,-0.32421682,-0.294325387,-0.265392593,-0.23737119,-0.210216169,0.061789326,0.267578732,0.437331701,0.58665499,0.723154488,0.850229267,0.969206216,1.080499252,1.184206913,1.594447382,1.858734355,2.030605562,2.147837722,2.147837722
8/29/2018,8/29/2018,,,-0.41275766,-0.38378396,-0.35565002,-0.328316535,-0.301745968,-0.275902476,-0.250751847,-0.226261424,-0.202400046,-0.179137982,0.062371574,0.256630624,0.424058439,0.57534207,0.715717693,0.847505846,0.971574292,1.088152499,1.197261826,1.634741529,1.923020089,2.113333551,2.244091807,2.244091807
8/30/2018,8/30/2018,,,-0.409188858,-0.377865162,-0.347405478,-0.317774151,-0.288936991,-0.260861213,-0.233515389,-0.206869388,-0.180894332,-0.155562545,0.106868822,0.31430073,0.487756946,0.639338442,0.775840811,0.900985586,1.016773062,1.124284615,1.224144803,1.622139987,1.885917804,2.061545643,2.182817109,2.182817109
8/31/2018,8/31/2018,,,-0.333506176,-0.307460392,-0.281943594,-0.256938469,-0.232428301,-0.208396957,-0.184828862,-0.161708984,-0.139022813,-0.116756348,0.122179615,0.320723195,0.49111808,0.641231261,0.776091544,0.898911778,1.011760948,1.116000556,1.212563679,1.600070272,1.865093222,2.047277768,2.175681721,2.175681721
9/1/2018,,,,,,,,,,,,,,,,,,,,,,,,,,,
9/2/2018,,,,,,,,,,,,,,,,,,,,,,,,,,,
9/3/2018,9/3/2018,,,-0.394797494,-0.362095658,-0.33034388,-0.29950474,-0.269542248,-0.240421783,-0.212110053,-0.18457504,-0.157785962,-0.13171322,0.134613038,0.338943385,0.505133855,0.647489273,0.774373231,0.890527879,0.998545188,1.099784984,1.194935991,1.588334022,1.863302798,2.052319337,2.184914586,2.184914586
9/4/2018,9/4/2018,,,-0.431249827,-0.400725255,-0.371007922,-0.342066436,-0.313870615,-0.286391442,-0.259601026,-0.233472556,-0.207980266,-0.183099395,0.07557128,0.280522364,0.451563597,0.600536886,0.734369363,0.85702018,0.970704479,1.076649436,1.175550826,1.576918227,1.851095433,2.037418725,2.167470279,2.167470279
9/5/2018,9/5/2018,,,-0.415393089,-0.387922525,-0.361148766,-0.335044978,-0.309585337,-0.284744984,-0.260500002,-0.236827374,-0.213704959,-0.191111455,0.045481374,0.235636681,0.396660271,0.538954073,0.66859292,0.788999966,0.902020975,1.008601279,1.109202883,1.528662987,1.825607482,2.031902391,2.177619018,2.177619018
9/6/2018,9/6/2018,,,-0.441384556,-0.415497939,-0.390080825,-0.365119985,-0.340602593,-0.316516216,-0.292848797,-0.269588651,-0.246724446,-0.2242452,0.019046769,0.223156427,0.398572431,0.552479193,0.689798041,0.813911603,0.927164445,1.031206443,1.127226282,1.512259408,1.779394369,1.966637637,2.100582341,2.100582341
9/7/2018,9/7/2018,,,-0.440282527,-0.414993659,-0.390155008,-0.365752419,-0.341772242,-0.318201321,-0.295026969,-0.272236958,-0.249819498,-0.227763226,0.012357373,0.216618865,0.394811869,0.553224129,0.695924558,0.825594191,0.94405734,1.052616176,1.15225779,1.541319537,1.79694694,1.968347094,2.087572709,2.087572709
9/8/2018,,,,,,,,,,,,,,,,,,,,,,,,,,,
9/9/2018,,,,,,,,,,,,,,,,,,,,,,,,,,,
9/10/2018,9/10/2018,,,-0.449558194,-0.427173811,-0.405083966,-0.383280766,-0.361756604,-0.340504146,-0.319516324,-0.298786326,-0.278307585,-0.25807377,-0.032356156,0.167107945,0.345844099,0.507499072,0.654554406,0.788777559,0.911502306,1.02379944,1.126578045,1.523680711,1.780521023,1.951264327,2.069590792,2.069590792
9/11/2018,9/11/2018,,,-0.447603598,-0.428259661,-0.40898004,-0.389766986,-0.370622663,-0.351549154,-0.33254846,-0.313622499,-0.294773114,-0.276002072,-0.057407254,0.147572076,0.337833855,0.513071176,0.673526891,0.819807513,0.952744698,1.073294175,1.182463693,1.591480464,1.844759522,2.009083941,2.121689733,2.121689733
9/12/2018,9/12/2018,,,-0.433207362,-0.409858601,-0.386857243,-0.36419334,-0.341857297,-0.319839861,-0.298132109,-0.276725437,-0.255611545,-0.234782432,-0.004493832,0.196206295,0.37431158,0.534398778,0.679520877,0.811781202,0.932697351,1.043428097,1.144912047,1.539006714,1.795976431,1.967661757,2.086936743,2.086936743
9/13/2018,9/13/2018,,,-0.447870825,-0.424714616,-0.401854982,-0.379284497,-0.356995998,-0.334982572,-0.313237548,-0.291754489,-0.270527184,-0.249549637,-0.015381457,0.191450168,0.37634349,0.542963328,0.693888456,0.831020633,0.955839115,1.069556221,1.173210468,1.5699346,1.823624303,1.991286766,2.107164585,2.107164585
9/14/2018,9/14/2018,,,-0.414823147,-0.392877555,-0.371157298,-0.349657973,-0.328375327,-0.307305249,-0.286443767,-0.265787042,-0.245331363,-0.225073139,0.003781584,0.209462012,0.395396348,0.564063726,0.717355912,0.856799166,0.983687359,1.099159788,1.204245292,1.60441248,1.858531046,2.025909388,2.141443919,2.141443919
9/15/2018,,,,,,,,,,,,,,,,,,,,,,,,,,,
9/16/2018,,,,,,,,,,,,,,,,,,,,,,,,,,,
9/17/2018,9/17/2018,,,-0.41959573,-0.398988227,-0.378552437,-0.358285829,-0.338185959,-0.318250468,-0.298477078,-0.278863587,-0.259407867,-0.240107862,-0.019989352,0.180738664,0.364111374,0.531691524,0.684774952,0.824505965,0.951938208,1.068063695,1.173824197,1.576658305,1.83215751,2.000252289,2.116214317,2.116214317
9/18/2018,9/18/2018,,,-0.422860431,-0.408036083,-0.392866179,-0.377375082,-0.361586118,-0.345521607,-0.329202907,-0.312650447,-0.295883764,-0.278921535,-0.065881342,0.15054539,0.357422932,0.54833627,0.720767562,0.874442987,1.010305715,1.129889975,1.234949773,1.599525095,1.803544994,1.929224964,2.013489705,2.013489705
9/19/2018,9/19/2018,,,-0.411475957,-0.39824075,-0.384501874,-0.370292628,-0.355644855,-0.340588994,-0.32515414,-0.309368092,-0.293257407,-0.276847449,-0.06437812,0.157764491,0.372269574,0.570572258,0.749238385,0.907730603,1.047048881,1.168920154,1.275329355,1.639200782,1.839251263,1.961591756,2.043427426,2.043427426
9/20/2018,9/20/2018,,,-0.374645302,-0.356914038,-0.339102825,-0.321221448,-0.303279319,-0.285285491,-0.267248667,-0.249177208,-0.231079149,-0.212962201,0.003502345,0.21219728,0.407515148,0.586730854,0.748976685,0.894531807,1.024339614,1.139687365,1.241999511,1.605161071,1.813871103,1.94383224,2.031266216,2.031266216
9/21/2018,9/21/2018,,,-0.383953497,-0.368940139,-0.353646914,-0.338093948,-0.322300528,-0.306285141,-0.290065497,-0.27365856,-0.257080573,-0.240347089,-0.032234268,0.177450968,0.377666209,0.562829256,0.730686425,0.880943359,1.014397219,1.132396324,1.236511833,1.601316809,1.80773144,1.935446481,2.021194966,2.021194966
9/22/2018,,,,,,,,,,,,,,,,,,,,,,,,,,,
9/23/2018,,,,,,,,,,,,,,,,,,,,,,,,,,,
9/24/2018,9/24/2018,,,-0.379274742,-0.361602815,-0.343746725,-0.325723817,-0.307550678,-0.289243158,-0.270816401,-0.252284872,-0.23366238,-0.214962106,0.011472249,0.231901871,0.437714213,0.625050218,0.792863712,0.941695865,1.072913825,1.188248267,1.289521506,1.641279866,1.838710406,1.960549406,2.042293298,2.042293298
9/25/2018,9/25/2018,,,-0.38175943,-0.364779102,-0.347550412,-0.330094197,-0.312430375,-0.294577978,-0.276555187,-0.258379364,-0.240067082,-0.221634158,0.004127976,0.226604528,0.4353961,0.62573475,0.796162921,0.947081176,1.07985442,1.196274199,1.298245695,1.650255567,1.846316922,1.966911499,2.047731085,2.047731085
9/26/2018,9/26/2018,,,-0.400422201,-0.384140984,-0.367528596,-0.350611047,-0.333413171,-0.315958666,-0.298270145,-0.280369177,-0.262276326,-0.244011196,-0.017370374,0.208666542,0.421439591,0.615182104,0.788100185,0.940582351,1.074120942,1.190677963,1.292325332,1.639842604,1.831332961,1.948650405,2.027184167,2.027184167
9/27/2018,9/27/2018,,,-0.365212126,-0.350797476,-0.335874557,-0.320481127,-0.304653134,-0.288424793,-0.271828658,-0.254895697,-0.237655353,-0.220135617,0.003438052,0.231621718,0.447187977,0.642546921,0.815429928,0.96635194,1.097149098,1.21016007,1.307787604,1.634948081,1.811463858,1.918849186,1.990602604,1.990602604
9/28/2018,9/28/2018,,,-0.368365807,-0.339664487,-0.311523751,-0.283927694,-0.256860899,-0.230308426,-0.204255797,-0.178688979,-0.153594372,-0.128958797,0.13514078,0.352611301,0.536011447,0.693961681,0.832399719,0.955444298,1.065986187,1.166090141,1.257266485,1.611781478,1.848130806,2.00971909,2.123640535,2.123640535
9/29/2018,,,,,,,,,,,,,,,,,,,,,,,,,,,
9/30/2018,,,,,,,,,,,,,,,,,,,,,,,,,,,
10/1/2018,10/1/2018,,,-0.45782177,-0.423440717,-0.389856528,-0.357044994,-0.324982664,-0.293646819,-0.263015447,-0.23306723,-0.203781513,-0.175138289,0.124946216,0.361944155,0.554670063,0.715862209,0.854123281,0.97525886,1.0831954,1.180605885,1.269333253,1.617966172,1.855771959,2.020871535,2.138170671,2.138170671
10/2/2018,10/2/2018,,,-0.447298153,-0.409240791,-0.372212528,-0.336179556,-0.301109156,-0.266969661,-0.233730433,-0.201361821,-0.169835138,-0.139122626,0.174873618,0.412085781,0.59793136,0.749219868,0.876962651,0.988300723,1.087818721,1.178433595,1.261990307,1.603238885,1.848323401,2.023034271,2.148627822,2.148627822
10/3/2018,10/3/2018,,,-0.468098189,-0.432058192,-0.396929668,-0.362682854,-0.329288973,-0.296720193,-0.264949604,-0.233951183,-0.203699772,-0.174171046,0.131630064,0.368654543,0.558938183,0.716992707,0.852320037,0.971114529,1.077407536,1.173830971,1.262122045,1.612844302,1.853746891,2.020646421,2.138794674,2.138794674
10/4/2018,10/4/2018,,,-0.4674708,-0.430223648,-0.393891139,-0.358444706,-0.32385669,-0.290100311,-0.257149644,-0.224979588,-0.193565844,-0.162884888,0.155732029,0.403279899,0.601621158,0.765433405,0.904537931,1.02549489,1.132689894,1.229069469,1.316635258,1.659489293,1.892513961,2.053774503,2.168047759,2.168047759
10/5/2018,10/5/2018,,,-0.43581207,-0.398290279,-0.361688728,-0.325978773,-0.291132679,-0.25712359,-0.223925503,-0.191513244,-0.159862438,-0.128949487,0.192082613,0.44144743,0.641115944,0.805860214,0.945582086,1.066909278,1.174283278,1.270696241,1.358186656,1.699867851,1.931481207,2.091582079,2.204978233,2.204978233
10/6/2018,,,,,,,,,,,,,,,,,,,,,,,,,,,
10/7/2018,,,,,,,,,,,,,,,,,,,,,,,,,,,
10/8/2018,10/8/2018,,,-0.4141427,-0.374983359,-0.336832384,-0.299658385,-0.263430938,-0.22812056,-0.193698683,-0.160137619,-0.127410544,-0.095491464,0.232941224,0.483324214,0.680169487,0.840050214,0.97410012,1.089752173,1.191941507,1.283932486,1.367883321,1.704052188,1.942213511,2.111930301,2.234232689,2.234232689
10/9/2018,10/9/2018,,,-0.41935559,-0.380234868,-0.342107547,-0.30494292,-0.268711229,-0.23338363,-0.198932171,-0.165329763,-0.132550155,-0.10056791,0.229274933,0.481809177,0.681076268,0.843364652,0.979646884,1.097275245,1.201155121,1.29455209,1.37964321,1.718558719,1.956894362,2.126048293,2.247706219,2.247706219
10/10/2018,10/10/2018,,,-0.426587057,-0.389641561,-0.353572813,-0.318354568,-0.283961381,-0.25036858,-0.217552242,-0.185489177,-0.154156898,-0.123533608,0.195726809,0.44515484,0.645565347,0.811185954,0.951709551,1.073725397,1.18171197,1.278721903,1.366851526,1.71335653,1.952103453,2.119608239,2.239439622,2.239439622
10/11/2018,10/11/2018,,,-0.409202069,-0.368566326,-0.32901918,-0.290526368,-0.25305468,-0.21657193,-0.181046923,-0.146449428,-0.112750151,-0.079920702,0.25539219,0.507296437,0.702570518,0.859295647,0.98957966,1.101458847,1.200218411,1.289303421,1.370942654,1.70346523,1.945488941,2.120871308,2.248390738,2.248390738
10/12/2018,10/12/2018,,,-0.422976939,-0.382841018,-0.343751326,-0.305675601,-0.268582558,-0.232441862,-0.197224102,-0.162900759,-0.129444186,-0.096827577,0.237762073,0.491050188,0.688566565,0.847677091,0.980110847,1.093731959,1.193775382,1.283703662,1.365796893,1.696951967,1.935638583,2.108071637,2.233378724,2.233378724
10/13/2018,,,,,,,,,,,,,,,,,,,,,,,,,,,
10/14/2018,,,,,,,,,,,,,,,,,,,,,,,,,,,
10/15/2018,10/15/2018,,,-0.415977532,-0.377411218,-0.33982558,-0.303190427,-0.26747649,-0.232655392,-0.198699623,-0.165582515,-0.133278215,-0.101761666,0.223128471,0.471613783,0.667499381,0.826956321,0.96089764,1.076640148,1.179060439,1.271394153,1.355784728,1.695292168,1.937779621,2.111707331,2.237585619,2.237585619
10/16/2018,10/16/2018,,,-0.434130052,-0.399438949,-0.365528682,-0.332376353,-0.299959754,-0.268257346,-0.237248245,-0.206912196,-0.177229558,-0.148181285,0.157110583,0.399293857,0.596650786,0.761735448,0.903151728,1.026794273,1.136710321,1.235694947,1.325699649,1.678738275,1.920280017,2.088935376,2.209317751,2.209317751
10/17/2018,10/17/2018,,,-0.449040948,-0.416964276,-0.385548759,-0.354776003,-0.32462815,-0.295087862,-0.266138302,-0.237763128,-0.20994647,-0.182672923,0.107277953,0.342064071,0.5368169,0.702096037,0.845265119,0.971464432,1.084295282,1.186299083,1.279290867,1.645483034,1.897386028,2.074321493,2.201258035,2.201258035
10/18/2018,10/18/2018,,,-0.432074237,-0.396708029,-0.362115385,-0.328274179,-0.295162945,-0.262760857,-0.231047713,-0.200003911,-0.169610437,-0.139848844,0.174010986,0.424322015,0.628959229,0.8002966,0.946900004,1.074710497,1.187867732,1.289280203,1.381018093,1.735940551,1.974455912,2.139383167,2.256542276,2.256542276
10/19/2018,10/19/2018,,,-0.417015841,-0.376956355,-0.337939098,-0.299931691,-0.262902746,-0.22682184,-0.191659485,-0.157387102,-0.123976993,-0.091402315,0.243038782,0.496783707,0.695229672,0.855582022,0.989418262,1.104476557,1.20589655,1.297074986,1.380251589,1.714069462,1.952084227,2.122570351,2.2458037,2.2458037
10/20/2018,,,,,,,,,,,,,,,,,,,,,,,,,,,
10/21/2018,,,,,,,,,,,,,,,,,,,,,,,,,,,
10/22/2018,10/22/2018,,,-0.415665958,-0.385714837,-0.35616692,-0.327016206,-0.298256786,-0.269882843,-0.241888649,-0.214268567,-0.187017045,-0.160128619,0.136088534,0.389088625,0.605870607,0.792244215,0.953036051,1.092259953,1.213257731,1.318815335,1.411258722,1.734855745,1.921162641,2.038321447,2.117637249,2.117637249
10/23/2018,10/23/2018,,,-0.413946182,-0.383542291,-0.35358188,-0.324057317,-0.294961114,-0.266285924,-0.238024543,-0.210169903,-0.182715072,-0.155653247,0.140741442,0.391545596,0.604947542,0.787511389,0.944522556,1.080256008,1.198185127,1.301144858,1.391459573,1.710020323,1.896441766,2.015226136,2.096285591,2.096285591
10/24/2018,10/24/2018,,,-0.411209448,-0.380042619,-0.349360559,-0.319154135,-0.28941441,-0.260132633,-0.231300237,-0.202908834,-0.174950214,-0.147416336,0.152568322,0.404208864,0.616840995,0.797784687,0.952810758,1.08649486,1.202486691,1.303715301,1.392546131,1.707158745,1.893203559,2.012815087,2.094889676,2.094889676
10/25/2018,10/25/2018,,,-0.414244107,-0.38786065,-0.361784955,-0.336012843,-0.310540199,-0.285362971,-0.260477169,-0.235878863,-0.211564183,-0.187529319,0.080374713,0.314332232,0.51927944,0.699359136,0.858060665,0.99833281,1.12267533,1.233213539,1.331759357,1.691731086,1.911253473,2.054028677,2.152391381,2.152391381
10/26/2018,10/26/2018,,,-0.403745057,-0.375418529,-0.347534114,-0.320082603,-0.293055002,-0.266442534,-0.240236627,-0.214428911,-0.189011217,-0.163975564,0.109313904,0.340055208,0.537047878,0.70696959,0.854921484,0.984830808,1.099748157,1.202066933,1.293685456,1.635829616,1.854333556,2.001743689,2.105596195,2.105596195
10/27/2018,,,,,,,,,,,,,,,,,,,,,,,,,,,
10/28/2018,,,,,,,,,,,,,,,,,,,,,,,,,,,
10/29/2018,10/29/2018,,,-0.4389878,-0.410787376,-0.382977594,-0.355551931,-0.328503981,-0.301827453,-0.275516171,-0.249564073,-0.223965201,-0.198713711,0.079198223,0.316604402,0.520644399,0.697078109,0.850563567,0.984877927,1.103093281,1.20771658,1.300801059,1.643043478,1.85867127,2.004837512,2.109134143,2.109134143
10/30/2018,10/30/2018,,,-0.418400082,-0.387583681,-0.35727521,-0.327464672,-0.298142273,-0.269298418,-0.240923711,-0.213008944,-0.185545101,-0.158523346,0.13423462,0.377448686,0.581401419,0.754118239,0.901864726,1.029535626,1.140958803,1.239132436,1.326409927,1.65227754,1.86878893,2.024072756,2.139676218,2.139676218
10/31/2018,10/31/2018,,,-0.413946392,-0.383207645,-0.353041171,-0.323433497,-0.294371495,-0.265842369,-0.237833648,-0.210333178,-0.183329111,-0.156809903,0.127426746,0.359633742,0.552079972,0.713825815,0.851587879,0.970370436,1.073925945,1.16509056,1.246028319,1.544759238,1.73481512,1.863429628,1.954263934,1.954263934
11/1/2018,11/1/2018,,,-0.415704089,-0.386502863,-0.357737695,-0.329401197,-0.301486112,-0.273985308,-0.246891781,-0.220198651,-0.193899157,-0.167986659,0.115041379,0.353186117,0.554614487,0.725933224,0.872491145,0.998622837,1.107845047,1.203014926,1.286457506,1.583279204,1.763783845,1.885203852,1.972403309,1.972403309
11/2/2018,11/2/2018,,,-0.508716319,-0.474287394,-0.440500233,-0.407340711,-0.374795026,-0.342849697,-0.311491552,-0.280707725,-0.250485645,-0.22081303,0.096502694,0.353939613,0.565108811,0.740318972,0.887390602,1.012269923,1.119491323,1.212525441,1.294040973,1.58719932,1.770300377,1.894791363,1.983636575,1.983636575
11/3/2018,,,,,,,,,,,,,,,,,,,,,,,,,,,
11/4/2018,,,,,,,,,,,,,,,,,,,,,,,,,,,
11/5/2018,11/5/2018,,,-0.519505252,-0.488045466,-0.457087905,-0.426622707,-0.396640225,-0.367131029,-0.338085895,-0.309495805,-0.281351937,-0.253645666,0.047591299,0.299459599,0.511781854,0.692172653,0.846573657,0.97965328,1.095106019,1.195877322,1.284333113,1.59796544,1.783681455,1.903080425,1.984957548,1.984957548
11/6/2018,11/6/2018,,,-0.555075273,-0.51977253,-0.48512565,-0.451119737,-0.417740264,-0.384973062,-0.352804313,-0.321220539,-0.290208596,-0.259755661,0.066336281,0.331802044,0.550484841,0.732732354,0.886319248,1.017122283,1.129614552,1.227227561,1.312616766,1.61553413,1.797364703,1.916002353,1.998121288,1.998121288
11/7/2018,11/7/2018,,,-0.560336261,-0.524927686,-0.490215,-0.456180849,-0.422808332,-0.390080996,-0.357982821,-0.326498208,-0.295611972,-0.265309325,0.057682307,0.319237308,0.534729724,0.715327898,0.869159415,1.002157026,1.118671453,1.221914246,1.314277015,1.66327922,1.893582034,2.053100163,2.16719533,2.16719533
11/8/2018,11/8/2018,,,-0.545216347,-0.505664918,-0.467055397,-0.429361481,-0.392557599,-0.356618887,-0.321521174,-0.287240961,-0.253755405,-0.221042297,0.118549739,0.380430944,0.586904785,0.753721688,0.891957931,1.009371489,1.111376728,1.20174217,1.283087678,1.602461311,1.829429189,1.99480573,2.116403935,2.116403935
11/9/2018,11/9/2018,,,-0.549185178,-0.510987814,-0.473664485,-0.437191275,-0.401544922,-0.366702806,-0.33264293,-0.299343901,-0.266784918,-0.234945752,0.097621701,0.357137359,0.564043424,0.732849581,0.873823184,0.994210688,1.099117184,1.192137246,1.275805446,1.601732768,1.829750108,1.994178424,2.114429565,2.114429565
11/10/2018,,,,,,,,,,,,,,,,,,,,,,,,,,,
11/11/2018,,,,,,,,,,,,,,,,,,,,,,,,,,,
11/12/2018,11/12/2018,,,-0.54699767,-0.508103121,-0.470124758,-0.433037123,-0.39681546,-0.361435697,-0.326874434,-0.293108916,-0.260117022,-0.227877247,0.107392332,0.36683823,0.572092798,0.738450811,0.876683302,0.994347199,1.096727367,1.187511417,1.269270863,1.590089134,1.817544347,1.982987675,2.104531462,2.104531462
11/13/2018,11/13/2018,,,-0.546097531,-0.506815271,-0.468460111,-0.431006291,-0.394428762,-0.35870317,-0.323805835,-0.289713737,-0.256404492,-0.22385634,0.114497416,0.376121093,0.582906263,0.75033316,0.889305389,1.007474576,1.110193189,1.201197087,1.283092217,1.60397926,1.831195994,1.996387694,2.1177192,2.1177192
11/14/2018,11/14/2018,,,-0.537631011,-0.498539542,-0.460358908,-0.423063985,-0.386630342,-0.351034223,-0.316252528,-0.282262795,-0.249043185,-0.216572462,0.121634362,0.384101201,0.592240181,0.761221651,0.901756376,1.021382792,1.1253934,1.217498786,1.300301478,1.62333377,1.850414505,2.014766231,2.13519772,2.13519772
11/15/2018,11/15/2018,,,-0.532813646,-0.495760734,-0.459501984,-0.424016469,-0.389283832,-0.355284264,-0.32199849,-0.28940776,-0.257493829,-0.226238947,0.103255255,0.364814888,0.576591437,0.751593393,0.899134175,1.025880922,1.136611812,1.234761089,1.322809883,1.660831911,1.890983973,2.053990577,2.172057243,2.172057243
11/16/2018,11/16/2018,,,-0.528031345,-0.490027667,-0.452867806,-0.416529079,-0.380989426,-0.346227384,-0.312222081,-0.27895321,-0.246401023,-0.214546308,0.119622409,0.382476576,0.593540734,0.766738159,0.911977483,1.036300572,1.144710211,1.240764751,1.327003624,1.660145171,1.889855098,2.053977047,2.173418326,2.173418326
11/17/2018,,,,,,,,,,,,,,,,,,,,,,,,,,,
11/18/2018,,,,,,,,,,,,,,,,,,,,,,,,,,,
11/19/2018,11/19/2018,,,-0.501932431,-0.463585173,-0.426096263,-0.38944256,-0.353601554,-0.318551351,-0.284270653,-0.250738746,-0.217935482,-0.185841265,0.150425414,0.414291635,0.625663392,0.798728146,0.943575105,1.067367496,1.175187868,1.270645388,1.356310398,1.687286547,1.915891023,2.079482621,2.198651348,2.198651348
11/20/2018,11/20/2018,,,-0.493792584,-0.453195627,-0.413580869,-0.374920747,-0.337188468,-0.300357979,-0.264403954,-0.22930177,-0.195027493,-0.161557853,0.184949374,0.450706405,0.659069094,0.826519226,0.964634377,1.081510151,1.182783104,1.272363378,1.352956936,1.670059019,1.89693275,2.063125883,2.185705305,2.185705305
11/21/2018,11/21/2018,,,-0.513803546,-0.479392467,-0.44564249,-0.41253739,-0.380061362,-0.348199012,-0.316935346,-0.286255758,-0.256146024,-0.226592287,0.089263652,0.346292585,0.559003576,0.737984906,0.890976922,1.023654777,1.140198186,1.243705133,1.336491527,1.688684768,1.922556312,2.085309564,2.202106606,2.202106606
11/22/2018,11/22/2018,,,-0.513883255,-0.479510754,-0.445804818,-0.412748961,-0.380327124,-0.348523667,-0.317323358,-0.286711363,-0.256673235,-0.227194905,0.087528441,0.343185026,0.554469145,0.732082085,0.88382805,1.015413305,1.13102745,1.233765146,1.32593126,1.67670244,1.910662592,2.073955575,2.191331006,2.191331006
11/23/2018,11/23/2018,,,-0.516111058,-0.482455905,-0.449454667,-0.417091054,-0.385349201,-0.354213661,-0.323669391,-0.293701741,-0.264296447,-0.23543962,0.072647601,0.323000344,0.530080732,0.70439617,0.853588878,0.983229847,1.09739585,1.199087614,1.29053199,1.640654483,1.876032723,2.04105557,2.159958195,2.159958195
11/24/2018,,,,,,,,,,,,,,,,,,,,,,,,,,,
11/25/2018,,,,,,,,,,,,,,,,,,,,,,,,,,,
11/26/2018,11/26/2018,,,-0.52539374,-0.494784666,-0.46469671,-0.435117897,-0.406036555,-0.377441305,-0.349321056,-0.321664997,-0.294462588,-0.267703558,0.02222662,0.264156229,0.469030613,0.644946487,0.797917831,0.932436755,1.051883399,1.15882493,1.255233229,1.623309686,1.867123402,2.035801029,2.156382818,2.156382818
11/27/2018,11/27/2018,,,-0.483955318,-0.456035223,-0.42852161,-0.40140624,-0.374681069,-0.348338244,-0.322370098,-0.296769143,-0.271528072,-0.246639745,0.026887074,0.260776456,0.462915175,0.639302731,0.794539067,0.93218372,1.05502017,1.165250401,1.264638159,1.641224293,1.885600125,2.051739975,2.169226877,2.169226877
11/28/2018,11/28/2018,,,-0.480424316,-0.452247266,-0.42449831,-0.397168373,-0.370248599,-0.343730349,-0.317605193,-0.291864907,-0.266501465,-0.241507037,0.032248108,0.265037795,0.465386129,0.639707128,0.792860557,0.928559854,1.04967115,1.158432286,1.256613113,1.630427494,1.875169113,2.042642356,2.161527591,2.161527591
11/29/2018,11/29/2018,,,-0.475633007,-0.450633867,-0.425948433,-0.401571008,-0.377496026,-0.353718045,-0.330231746,-0.307031932,-0.284113522,-0.261471548,-0.009666081,0.210167145,0.403654539,0.575161259,0.728111123,0.865221993,0.988679031,1.100262342,1.201441194,1.588376979,1.841004824,2.012825443,2.1342552,2.1342552
11/30/2018,11/30/2018,,,-0.475588775,-0.450502543,-0.425727748,-0.401258836,-0.377090377,-0.353217062,-0.329633703,-0.306335223,-0.283316662,-0.260573167,-0.007478985,0.213678786,0.408433241,0.5810967,0.735067229,0.873054584,0.997246861,1.109433604,1.211096946,1.599159655,1.851772193,2.023233114,2.144264678,2.144264678
12/1/2018,,,,,,,,,,,,,,,,,,,,,,,,,,,
12/2/2018,,,,,,,,,,,,,,,,,,,,,,,,,,,
12/3/2018,12/3/2018,,,-0.479989772,-0.457968017,-0.436103484,-0.414395956,-0.392845184,-0.371450891,-0.350212766,-0.32913047,-0.308203637,-0.287431873,-0.050090157,0.165976449,0.362039703,0.53954247,0.699994778,0.844903192,0.975724443,1.093836547,1.20052238,1.600263438,1.850246397,2.014403133,2.127871014,2.127871014
12/4/2018,12/4/2018,,,-0.467007403,-0.443114982,-0.419509982,-0.396187316,-0.373142014,-0.350369216,-0.327864172,-0.305622238,-0.283638873,-0.261909638,-0.019492411,0.193345577,0.381657376,0.549377259,0.699603529,0.834806789,0.956983329,1.067768189,1.16851862,1.556406783,1.811840928,1.986501689,2.110337914,2.110337914
12/5/2018,12/5/2018,,,-0.454705429,-0.434641042,-0.414699733,-0.394881321,-0.375185611,-0.355612391,-0.336161433,-0.316832496,-0.297625323,-0.278539644,-0.058872312,0.143978335,0.330813074,0.502548425,0.660163452,0.804660062,0.93703397,1.058254043,1.16924814,1.599566652,1.881902429,2.073191001,2.207856967,2.207856967
12/6/2018,12/6/2018,,,-0.442887676,-0.420792183,-0.398931075,-0.377300424,-0.35589639,-0.334715221,-0.31375325,-0.293006891,-0.272472642,-0.252147075,-0.023369867,0.180763832,0.364146205,0.529811433,0.68015787,0.817110558,0.942239932,1.056848428,1.162033667,1.575579817,1.855248228,2.049608111,2.188743119,2.188743119
12/7/2018,12/7/2018,,,-0.42214606,-0.400599157,-0.379249998,-0.358095984,-0.337134569,-0.316363254,-0.295779589,-0.275381171,-0.255165644,-0.235130696,-0.008011472,0.196856628,0.382300933,0.550642406,0.703816292,0.843460299,0.970979195,1.087592349,1.194368932,1.610448041,1.887260138,2.077200605,2.212065902,2.212065902
12/8/2018,,,,,,,,,,,,,,,,,,,,,,,,,,,
12/9/2018,,,,,,,,,,,,,,,,,,,,,,,,,,,
12/10/2018,12/10/2018,,,-0.453132335,-0.428922595,-0.405068919,-0.381561612,-0.3583913,-0.335548922,-0.313025721,-0.29081323,-0.268903266,-0.247287919,-0.008339974,0.199662821,0.38393774,0.549334473,0.699159853,0.83572386,0.960697226,1.075342742,1.180662716,1.593305071,1.866874586,2.052025406,2.181668296,2.181668296
12/11/2018,12/11/2018,,,-0.446942665,-0.421890166,-0.397293528,-0.373137211,-0.349406264,-0.326086304,-0.303163494,-0.280624522,-0.258456588,-0.236647376,0.000970066,0.204126866,0.382912128,0.543533111,0.689802588,0.824086706,0.947899461,1.062268148,1.167952311,1.585879801,1.863524217,2.050304839,2.180327167,2.180327167
12/12/2018,12/12/2018,,,-0.443940875,-0.422139571,-0.400601312,-0.379318851,-0.358285222,-0.337493732,-0.316937946,-0.296611682,-0.276508999,-0.256624187,-0.033201866,0.166798795,0.348073166,0.51360071,0.665346404,0.804691033,0.932688436,1.050214108,1.158047013,1.576013854,1.846485617,2.026006859,2.150252956,2.150252956
12/13/2018,12/13/2018,,,-0.491813311,-0.462404324,-0.43390498,-0.406268711,-0.379451212,-0.353410342,-0.32810603,-0.303500178,-0.279556578,-0.256240823,-0.015032643,0.179631677,0.349434179,0.504843302,0.650401607,0.78771842,0.917106258,1.038431711,1.151523225,1.59754846,1.883491278,2.069086095,2.195614864,2.195614864
12/14/2018,12/14/2018,,,-0.489249527,-0.461286279,-0.434071207,-0.407569647,-0.381748508,-0.356576204,-0.332022595,-0.308058924,-0.28465776,-0.261792942,-0.021243255,0.176343872,0.34880799,0.505442126,0.650788034,0.786872336,0.914488219,1.033902388,1.1452232,1.587747512,1.87684046,2.067062132,2.197613241,2.197613241
12/15/2018,,,,,,,,,,,,,,,,,,,,,,,,,,,
12/16/2018,,,,,,,,,,,,,,,,,,,,,,,,,,,
12/17/2018,12/17/2018,,,-0.497998177,-0.471366052,-0.445367356,-0.419973656,-0.395157807,-0.370893903,-0.347157218,-0.323924165,-0.301172241,-0.278879987,-0.040658098,0.159496716,0.336253155,0.497298313,0.646451109,0.785493081,0.91521423,1.035986697,1.148060666,1.589561962,1.875691297,2.06352482,2.19237085,2.19237085
12/18/2018,12/18/2018,,,-0.491946141,-0.465916633,-0.440499031,-0.415665919,-0.391391121,-0.367649647,-0.344417648,-0.321672365,-0.299392087,-0.277556102,-0.043836749,0.153069345,0.327342687,0.486413934,0.633965779,0.771703322,0.900368429,1.020297884,1.131712234,1.5718061,1.858049527,2.046343272,2.175628679,2.175628679
12/19/2018,12/19/2018,,,-0.520461948,-0.496561402,-0.473096571,-0.450046968,-0.427393181,-0.405116821,-0.383200475,-0.361627657,-0.340382767,-0.319451043,-0.088308399,0.115982587,0.301961032,0.473511767,0.63228423,0.778981133,0.914004641,1.037748723,1.150705302,1.577207091,1.838987718,2.006158073,2.119530754,2.119530754
12/20/2018,12/20/2018,,,-0.541859048,-0.515714787,-0.490280245,-0.465514194,-0.441377728,-0.417834155,-0.394848881,-0.372389302,-0.350424705,-0.32892617,-0.098845985,0.098595097,0.278278794,0.445979058,0.603345085,0.750437384,0.886932226,1.012626837,1.127596369,1.559808957,1.8209227,1.98573199,2.096930456,2.096930456
12/21/2018,12/21/2018,,,-0.534945066,-0.508198142,-0.482188112,-0.456872806,-0.43221241,-0.408169346,-0.384708161,-0.361795419,-0.3393996,-0.317490999,-0.083885845,0.115189328,0.295348857,0.462849126,0.619649143,0.766002763,0.901702682,1.02661285,1.140843799,1.570313084,1.829888754,1.993774115,2.10436075,2.10436075
12/22/2018,,,,,,,,,,,,,,,,,,,,,,,,,,,
12/23/2018,,,,,,,,,,,,,,,,,,,,,,,,,,,
12/24/2018,,,,,,,,,,,,,,,,,,,,,,,,,,,
12/25/2018,,,,,,,,,,,,,,,,,,,,,,,,,,,
12/26/2018,,,,,,,,,,,,,,,,,,,,,,,,,,,
12/27/2018,12/27/2018,,,-0.439235712,-0.423467478,-0.407619991,-0.391699496,-0.375712072,-0.359663644,-0.343559976,-0.327406678,-0.311209208,-0.294972874,-0.098842694,0.094961474,0.281438415,0.457462717,0.621305561,0.772241594,0.9102392,1.035724297,1.149405268,1.572275634,1.82900197,1.992894981,2.104203398,2.104203398
12/28/2018,12/28/2018,,,-0.441572984,-0.426446769,-0.411178435,-0.395777447,-0.380252975,-0.364613899,-0.348868817,-0.333026052,-0.317093657,-0.301079425,-0.10503283,0.091539593,0.281833528,0.46175345,0.629095734,0.782945258,0.923236887,1.050442044,1.165348689,1.58978948,1.845277207,2.007737756,2.117908487,2.117908487
12/29/2018,,,,,,,,,,,,,,,,,,,,,,,,,,,
12/30/2018,,,,,,,,,,,,,,,,,,,,,,,,,,,
12/31/2018,,,,,,,,,,,,,,,,,,,,,,,,,,,
